id,unit,type,level,learningObjectiveTitle,question,answer,source,sourceRegistryIds,sourceExcerpt,sourceUrls
y9cgp-001-I-pressure-define-pressure,9I,Vocabulary,1,Pressure in fluids,Define: pressure,Pressure is the effect of a force acting over an area.,CGP KS3 Science syllabus map Year 9 Topic 1 Pressure; Oak pressure/floating lessons,CGP-KS3-MAP;AQA-KS3-SYLLABUS;OAK-PRESSURE;OAK-FLOATING,Pressure = force over area.,https://www.cgpbooks.co.uk/getmedia/5945ae31-1aa7-42af-8227-05682471a5a5/CGP-KS3-Science-Spec;https://filestore.aqa.org.uk/resources/science/specifications/AQA-SCIENCE-KS3-SYLLABUS.PDF;https://www.thenational.academy/teachers/programmes/science-secondary-ks3/units/hidden-forces/lessons/pressure-at-different-depths-and-heights;https://www.thenational.academy/teachers/programmes/science-secondary-ks3/units/hidden-forces/lessons/floating-mass-and-shape
y9cgp-002-I-pressure-define-upthrust,9I,Vocabulary,1,Pressure in fluids,Define: upthrust,Upthrust is an upward force caused by pressure in a fluid.,CGP KS3 Science syllabus map Year 9 Topic 1 Pressure; Oak pressure/floating lessons,CGP-KS3-MAP;AQA-KS3-SYLLABUS;OAK-PRESSURE;OAK-FLOATING,Upthrust is a force acting upwards due to pressure.,https://www.cgpbooks.co.uk/getmedia/5945ae31-1aa7-42af-8227-05682471a5a5/CGP-KS3-Science-Spec;https://filestore.aqa.org.uk/resources/science/specifications/AQA-SCIENCE-KS3-SYLLABUS.PDF;https://www.thenational.academy/teachers/programmes/science-secondary-ks3/units/hidden-forces/lessons/pressure-at-different-depths-and-heights;https://www.thenational.academy/teachers/programmes/science-secondary-ks3/units/hidden-forces/lessons/floating-mass-and-shape
y9cgp-003-I-pressure-which-equation-links-pressure-force-and-area,9I,Quick quiz,1,Pressure in fluids,"Which equation links pressure, force and area?",B,CGP KS3 Science syllabus map Year 9 Topic 1 Pressure; Oak pressure/floating lessons,CGP-KS3-MAP;AQA-KS3-SYLLABUS;OAK-PRESSURE;OAK-FLOATING,Pressure = force ÷ area.,https://www.cgpbooks.co.uk/getmedia/5945ae31-1aa7-42af-8227-05682471a5a5/CGP-KS3-Science-Spec;https://filestore.aqa.org.uk/resources/science/specifications/AQA-SCIENCE-KS3-SYLLABUS.PDF;https://www.thenational.academy/teachers/programmes/science-secondary-ks3/units/hidden-forces/lessons/pressure-at-different-depths-and-heights;https://www.thenational.academy/teachers/programmes/science-secondary-ks3/units/hidden-forces/lessons/floating-mass-and-shape
y9cgp-004-I-pressure-calculate-the-pressure-when-a-120-n-force-acts-on-an-area-of,9I,Calculation,2,Pressure in fluids,Calculate the pressure when a 120 N force acts on an area of 0.50 m².,240 Pa,CGP KS3 Science syllabus map Year 9 Topic 1 Pressure; Oak pressure/floating lessons,CGP-KS3-MAP;AQA-KS3-SYLLABUS;OAK-PRESSURE;OAK-FLOATING,,https://www.cgpbooks.co.uk/getmedia/5945ae31-1aa7-42af-8227-05682471a5a5/CGP-KS3-Science-Spec;https://filestore.aqa.org.uk/resources/science/specifications/AQA-SCIENCE-KS3-SYLLABUS.PDF;https://www.thenational.academy/teachers/programmes/science-secondary-ks3/units/hidden-forces/lessons/pressure-at-different-depths-and-heights;https://www.thenational.academy/teachers/programmes/science-secondary-ks3/units/hidden-forces/lessons/floating-mass-and-shape
y9cgp-005-I-pressure-a-force-of-60-n-produces-a-pressure-of-300-pa-calculate-the-,9I,Calculation,3,Pressure in fluids,A force of 60 N produces a pressure of 300 Pa. Calculate the area.,0.20 m²,CGP KS3 Science syllabus map Year 9 Topic 1 Pressure; Oak pressure/floating lessons,CGP-KS3-MAP;AQA-KS3-SYLLABUS;OAK-PRESSURE;OAK-FLOATING,,https://www.cgpbooks.co.uk/getmedia/5945ae31-1aa7-42af-8227-05682471a5a5/CGP-KS3-Science-Spec;https://filestore.aqa.org.uk/resources/science/specifications/AQA-SCIENCE-KS3-SYLLABUS.PDF;https://www.thenational.academy/teachers/programmes/science-secondary-ks3/units/hidden-forces/lessons/pressure-at-different-depths-and-heights;https://www.thenational.academy/teachers/programmes/science-secondary-ks3/units/hidden-forces/lessons/floating-mass-and-shape
y9cgp-006-I-pressure-describe-how-liquid-pressure-changes-with-depth,9I,Progress check,2,Pressure in fluids,Describe how liquid pressure changes with depth.,Liquid pressure increases with depth because there is more liquid above pushing down.,CGP KS3 Science syllabus map Year 9 Topic 1 Pressure; Oak pressure/floating lessons,CGP-KS3-MAP;AQA-KS3-SYLLABUS;OAK-PRESSURE;OAK-FLOATING,Pressure in liquid increases with depth.,https://www.cgpbooks.co.uk/getmedia/5945ae31-1aa7-42af-8227-05682471a5a5/CGP-KS3-Science-Spec;https://filestore.aqa.org.uk/resources/science/specifications/AQA-SCIENCE-KS3-SYLLABUS.PDF;https://www.thenational.academy/teachers/programmes/science-secondary-ks3/units/hidden-forces/lessons/pressure-at-different-depths-and-heights;https://www.thenational.academy/teachers/programmes/science-secondary-ks3/units/hidden-forces/lessons/floating-mass-and-shape
y9cgp-007-I-pressure-why-does-a-dam-wall-need-to-be-stronger-near-the-bottom,9I,Apply check,3,Pressure in fluids,Why does a dam wall need to be stronger near the bottom?,"The pressure is greater at greater depth, so the bottom of the dam must resist a larger force from the water.",CGP KS3 Science syllabus map Year 9 Topic 1 Pressure; Oak pressure/floating lessons,CGP-KS3-MAP;AQA-KS3-SYLLABUS;OAK-PRESSURE;OAK-FLOATING,,https://www.cgpbooks.co.uk/getmedia/5945ae31-1aa7-42af-8227-05682471a5a5/CGP-KS3-Science-Spec;https://filestore.aqa.org.uk/resources/science/specifications/AQA-SCIENCE-KS3-SYLLABUS.PDF;https://www.thenational.academy/teachers/programmes/science-secondary-ks3/units/hidden-forces/lessons/pressure-at-different-depths-and-heights;https://www.thenational.academy/teachers/programmes/science-secondary-ks3/units/hidden-forces/lessons/floating-mass-and-shape
y9cgp-008-I-pressure-a-drawing-shows-arrows-from-water-pushing-sideways-on-a-deep,9I,Quick quiz,2,Pressure in fluids,A drawing shows arrows from water pushing sideways on a deep wall. Which arrows should usually be longest?,D,CGP KS3 Science syllabus map Year 9 Topic 1 Pressure; Oak pressure/floating lessons,CGP-KS3-MAP;AQA-KS3-SYLLABUS;OAK-PRESSURE;OAK-FLOATING,,https://www.cgpbooks.co.uk/getmedia/5945ae31-1aa7-42af-8227-05682471a5a5/CGP-KS3-Science-Spec;https://filestore.aqa.org.uk/resources/science/specifications/AQA-SCIENCE-KS3-SYLLABUS.PDF;https://www.thenational.academy/teachers/programmes/science-secondary-ks3/units/hidden-forces/lessons/pressure-at-different-depths-and-heights;https://www.thenational.academy/teachers/programmes/science-secondary-ks3/units/hidden-forces/lessons/floating-mass-and-shape
y9cgp-009-I-pressure-describe-how-atmospheric-pressure-changes-with-height,9I,Progress check,2,Pressure in fluids,Describe how atmospheric pressure changes with height.,Atmospheric pressure decreases with height because there is less air above pushing down.,CGP KS3 Science syllabus map Year 9 Topic 1 Pressure; Oak pressure/floating lessons,CGP-KS3-MAP;AQA-KS3-SYLLABUS;OAK-PRESSURE;OAK-FLOATING,,https://www.cgpbooks.co.uk/getmedia/5945ae31-1aa7-42af-8227-05682471a5a5/CGP-KS3-Science-Spec;https://filestore.aqa.org.uk/resources/science/specifications/AQA-SCIENCE-KS3-SYLLABUS.PDF;https://www.thenational.academy/teachers/programmes/science-secondary-ks3/units/hidden-forces/lessons/pressure-at-different-depths-and-heights;https://www.thenational.academy/teachers/programmes/science-secondary-ks3/units/hidden-forces/lessons/floating-mass-and-shape
y9cgp-010-I-pressure-why-can-a-large-ship-float-even-though-it-is-made-from-dense,9I,Apply check,3,Pressure in fluids,Why can a large ship float even though it is made from dense metal?,"Its hollow shape displaces a large volume of water, so the upthrust can balance the ship’s weight.",CGP KS3 Science syllabus map Year 9 Topic 1 Pressure; Oak pressure/floating lessons,CGP-KS3-MAP;AQA-KS3-SYLLABUS;OAK-PRESSURE;OAK-FLOATING,,https://www.cgpbooks.co.uk/getmedia/5945ae31-1aa7-42af-8227-05682471a5a5/CGP-KS3-Science-Spec;https://filestore.aqa.org.uk/resources/science/specifications/AQA-SCIENCE-KS3-SYLLABUS.PDF;https://www.thenational.academy/teachers/programmes/science-secondary-ks3/units/hidden-forces/lessons/pressure-at-different-depths-and-heights;https://www.thenational.academy/teachers/programmes/science-secondary-ks3/units/hidden-forces/lessons/floating-mass-and-shape
y9cgp-011-I-pressure-what-does-it-mean-if-an-object-floats,9I,Progress check,2,Pressure in fluids,What does it mean if an object floats?,"The upthrust on the object balances its weight, so there is no resultant vertical force.",CGP KS3 Science syllabus map Year 9 Topic 1 Pressure; Oak pressure/floating lessons,CGP-KS3-MAP;AQA-KS3-SYLLABUS;OAK-PRESSURE;OAK-FLOATING,,https://www.cgpbooks.co.uk/getmedia/5945ae31-1aa7-42af-8227-05682471a5a5/CGP-KS3-Science-Spec;https://filestore.aqa.org.uk/resources/science/specifications/AQA-SCIENCE-KS3-SYLLABUS.PDF;https://www.thenational.academy/teachers/programmes/science-secondary-ks3/units/hidden-forces/lessons/pressure-at-different-depths-and-heights;https://www.thenational.academy/teachers/programmes/science-secondary-ks3/units/hidden-forces/lessons/floating-mass-and-shape
y9cgp-012-I-pressure-which-change-would-increase-the-pressure-made-by-the-same-fo,9I,Quick quiz,2,Pressure in fluids,Which change would increase the pressure made by the same force?,C,CGP KS3 Science syllabus map Year 9 Topic 1 Pressure; Oak pressure/floating lessons,CGP-KS3-MAP;AQA-KS3-SYLLABUS;OAK-PRESSURE;OAK-FLOATING,,https://www.cgpbooks.co.uk/getmedia/5945ae31-1aa7-42af-8227-05682471a5a5/CGP-KS3-Science-Spec;https://filestore.aqa.org.uk/resources/science/specifications/AQA-SCIENCE-KS3-SYLLABUS.PDF;https://www.thenational.academy/teachers/programmes/science-secondary-ks3/units/hidden-forces/lessons/pressure-at-different-depths-and-heights;https://www.thenational.academy/teachers/programmes/science-secondary-ks3/units/hidden-forces/lessons/floating-mass-and-shape
y9cgp-013-I-pressure-why-do-snowshoes-help-a-person-walk-on-soft-snow,9I,Apply check,2,Pressure in fluids,Why do snowshoes help a person walk on soft snow?,"Snowshoes spread the person’s weight over a larger area, so the pressure on the snow is lower.",CGP KS3 Science syllabus map Year 9 Topic 1 Pressure; Oak pressure/floating lessons,CGP-KS3-MAP;AQA-KS3-SYLLABUS;OAK-PRESSURE;OAK-FLOATING,,https://www.cgpbooks.co.uk/getmedia/5945ae31-1aa7-42af-8227-05682471a5a5/CGP-KS3-Science-Spec;https://filestore.aqa.org.uk/resources/science/specifications/AQA-SCIENCE-KS3-SYLLABUS.PDF;https://www.thenational.academy/teachers/programmes/science-secondary-ks3/units/hidden-forces/lessons/pressure-at-different-depths-and-heights;https://www.thenational.academy/teachers/programmes/science-secondary-ks3/units/hidden-forces/lessons/floating-mass-and-shape
y9cgp-014-I-pressure-a-block-underwater-has-equal-sized-top-and-bottom-faces-expl,9I,Challenge check,4,Pressure in fluids,A block underwater has equal-sized top and bottom faces. Explain why water can produce an upward resultant force on it.,"The bottom face is deeper, so the pressure on the bottom is greater than the pressure on the top. This produces a larger upward force than downward force, giving upthrust.",CGP KS3 Science syllabus map Year 9 Topic 1 Pressure; Oak pressure/floating lessons,CGP-KS3-MAP;AQA-KS3-SYLLABUS;OAK-PRESSURE;OAK-FLOATING,,https://www.cgpbooks.co.uk/getmedia/5945ae31-1aa7-42af-8227-05682471a5a5/CGP-KS3-Science-Spec;https://filestore.aqa.org.uk/resources/science/specifications/AQA-SCIENCE-KS3-SYLLABUS.PDF;https://www.thenational.academy/teachers/programmes/science-secondary-ks3/units/hidden-forces/lessons/pressure-at-different-depths-and-heights;https://www.thenational.academy/teachers/programmes/science-secondary-ks3/units/hidden-forces/lessons/floating-mass-and-shape
y9cgp-015-I-pressure-correct-the-misconception-liquid-pressure-at-the-bottom-depe,9I,Progress check,3,Pressure in fluids,Correct the misconception: “Liquid pressure at the bottom depends mainly on container width.”,"At the same depth in the same liquid, pressure is the same. Pressure depends mainly on depth and the liquid, not just container width.",CGP KS3 Science syllabus map Year 9 Topic 1 Pressure; Oak pressure/floating lessons,CGP-KS3-MAP;AQA-KS3-SYLLABUS;OAK-PRESSURE;OAK-FLOATING,,https://www.cgpbooks.co.uk/getmedia/5945ae31-1aa7-42af-8227-05682471a5a5/CGP-KS3-Science-Spec;https://filestore.aqa.org.uk/resources/science/specifications/AQA-SCIENCE-KS3-SYLLABUS.PDF;https://www.thenational.academy/teachers/programmes/science-secondary-ks3/units/hidden-forces/lessons/pressure-at-different-depths-and-heights;https://www.thenational.academy/teachers/programmes/science-secondary-ks3/units/hidden-forces/lessons/floating-mass-and-shape
y9cgp-046-E-heating-cooling-define-thermal-conductor,9E,Vocabulary,1,Heating and cooling,Define: thermal conductor,A thermal conductor is a material that transfers thermal energy quickly.,CGP KS3 Science syllabus map Year 9 Topic 5 Heating and cooling; Oak heating/cooling lessons,CGP-KS3-MAP;AQA-KS3-SYLLABUS;OAK-HEATING,,https://www.cgpbooks.co.uk/getmedia/5945ae31-1aa7-42af-8227-05682471a5a5/CGP-KS3-Science-Spec;https://filestore.aqa.org.uk/resources/science/specifications/AQA-SCIENCE-KS3-SYLLABUS.PDF;https://www.thenational.academy/teachers/programmes/science-secondary-ks3/units/heating-and-cooling/lessons
y9cgp-047-E-heating-cooling-define-thermal-insulator,9E,Vocabulary,1,Heating and cooling,Define: thermal insulator,A thermal insulator is a material that transfers thermal energy slowly.,CGP KS3 Science syllabus map Year 9 Topic 5 Heating and cooling; Oak heating/cooling lessons,CGP-KS3-MAP;AQA-KS3-SYLLABUS;OAK-HEATING,,https://www.cgpbooks.co.uk/getmedia/5945ae31-1aa7-42af-8227-05682471a5a5/CGP-KS3-Science-Spec;https://filestore.aqa.org.uk/resources/science/specifications/AQA-SCIENCE-KS3-SYLLABUS.PDF;https://www.thenational.academy/teachers/programmes/science-secondary-ks3/units/heating-and-cooling/lessons
y9cgp-048-E-heating-cooling-what-happens-to-particles-in-a-solid-when-it-is-heated,9E,Progress check,2,Heating and cooling,What happens to particles in a solid when it is heated?,The particles vibrate more quickly because energy is transferred to them.,CGP KS3 Science syllabus map Year 9 Topic 5 Heating and cooling; Oak heating/cooling lessons,CGP-KS3-MAP;AQA-KS3-SYLLABUS;OAK-HEATING,,https://www.cgpbooks.co.uk/getmedia/5945ae31-1aa7-42af-8227-05682471a5a5/CGP-KS3-Science-Spec;https://filestore.aqa.org.uk/resources/science/specifications/AQA-SCIENCE-KS3-SYLLABUS.PDF;https://www.thenational.academy/teachers/programmes/science-secondary-ks3/units/heating-and-cooling/lessons
y9cgp-049-E-heating-cooling-what-happens-to-particles-in-a-hot-object-as-it-cools,9E,Progress check,2,Heating and cooling,What happens to particles in a hot object as it cools?,The particles move or vibrate less quickly as energy is transferred to the surroundings.,CGP KS3 Science syllabus map Year 9 Topic 5 Heating and cooling; Oak heating/cooling lessons,CGP-KS3-MAP;AQA-KS3-SYLLABUS;OAK-HEATING,,https://www.cgpbooks.co.uk/getmedia/5945ae31-1aa7-42af-8227-05682471a5a5/CGP-KS3-Science-Spec;https://filestore.aqa.org.uk/resources/science/specifications/AQA-SCIENCE-KS3-SYLLABUS.PDF;https://www.thenational.academy/teachers/programmes/science-secondary-ks3/units/heating-and-cooling/lessons
y9cgp-050-E-heating-cooling-which-changes-of-state-are-endothermic,9E,Quick quiz,2,Heating and cooling,Which changes of state are endothermic?,A,CGP KS3 Science syllabus map Year 9 Topic 5 Heating and cooling; Oak heating/cooling lessons,CGP-KS3-MAP;AQA-KS3-SYLLABUS;OAK-HEATING,,https://www.cgpbooks.co.uk/getmedia/5945ae31-1aa7-42af-8227-05682471a5a5/CGP-KS3-Science-Spec;https://filestore.aqa.org.uk/resources/science/specifications/AQA-SCIENCE-KS3-SYLLABUS.PDF;https://www.thenational.academy/teachers/programmes/science-secondary-ks3/units/heating-and-cooling/lessons
y9cgp-051-E-heating-cooling-which-changes-of-state-are-exothermic,9E,Quick quiz,2,Heating and cooling,Which changes of state are exothermic?,C,CGP KS3 Science syllabus map Year 9 Topic 5 Heating and cooling; Oak heating/cooling lessons,CGP-KS3-MAP;AQA-KS3-SYLLABUS;OAK-HEATING,,https://www.cgpbooks.co.uk/getmedia/5945ae31-1aa7-42af-8227-05682471a5a5/CGP-KS3-Science-Spec;https://filestore.aqa.org.uk/resources/science/specifications/AQA-SCIENCE-KS3-SYLLABUS.PDF;https://www.thenational.academy/teachers/programmes/science-secondary-ks3/units/heating-and-cooling/lessons
y9cgp-052-E-heating-cooling-describe-conduction-using-particles,9E,Progress check,3,Heating and cooling,Describe conduction using particles.,"In conduction, vibrating particles pass energy to neighbouring particles through bonds or collisions.",CGP KS3 Science syllabus map Year 9 Topic 5 Heating and cooling; Oak heating/cooling lessons,CGP-KS3-MAP;AQA-KS3-SYLLABUS;OAK-HEATING,,https://www.cgpbooks.co.uk/getmedia/5945ae31-1aa7-42af-8227-05682471a5a5/CGP-KS3-Science-Spec;https://filestore.aqa.org.uk/resources/science/specifications/AQA-SCIENCE-KS3-SYLLABUS.PDF;https://www.thenational.academy/teachers/programmes/science-secondary-ks3/units/heating-and-cooling/lessons
y9cgp-053-E-heating-cooling-why-does-a-metal-spoon-in-hot-soup-become-hot-quickly,9E,Apply check,2,Heating and cooling,Why does a metal spoon in hot soup become hot quickly?,"Metal is a good thermal conductor, so energy is transferred quickly through the spoon by conduction.",CGP KS3 Science syllabus map Year 9 Topic 5 Heating and cooling; Oak heating/cooling lessons,CGP-KS3-MAP;AQA-KS3-SYLLABUS;OAK-HEATING,,https://www.cgpbooks.co.uk/getmedia/5945ae31-1aa7-42af-8227-05682471a5a5/CGP-KS3-Science-Spec;https://filestore.aqa.org.uk/resources/science/specifications/AQA-SCIENCE-KS3-SYLLABUS.PDF;https://www.thenational.academy/teachers/programmes/science-secondary-ks3/units/heating-and-cooling/lessons
y9cgp-054-E-heating-cooling-why-does-a-plastic-handle-help-protect-your-hand-from-a-hot-,9E,Apply check,2,Heating and cooling,Why does a plastic handle help protect your hand from a hot pan?,"Plastic is a thermal insulator, so it transfers thermal energy slowly from the hot pan to your hand.",CGP KS3 Science syllabus map Year 9 Topic 5 Heating and cooling; Oak heating/cooling lessons,CGP-KS3-MAP;AQA-KS3-SYLLABUS;OAK-HEATING,,https://www.cgpbooks.co.uk/getmedia/5945ae31-1aa7-42af-8227-05682471a5a5/CGP-KS3-Science-Spec;https://filestore.aqa.org.uk/resources/science/specifications/AQA-SCIENCE-KS3-SYLLABUS.PDF;https://www.thenational.academy/teachers/programmes/science-secondary-ks3/units/heating-and-cooling/lessons
y9cgp-055-E-heating-cooling-what-does-a-cooling-curve-show,9E,Progress check,1,Heating and cooling,What does a cooling curve show?,A cooling curve shows how the temperature of an object changes with time as it cools.,CGP KS3 Science syllabus map Year 9 Topic 5 Heating and cooling; Oak heating/cooling lessons,CGP-KS3-MAP;AQA-KS3-SYLLABUS;OAK-HEATING,,https://www.cgpbooks.co.uk/getmedia/5945ae31-1aa7-42af-8227-05682471a5a5/CGP-KS3-Science-Spec;https://filestore.aqa.org.uk/resources/science/specifications/AQA-SCIENCE-KS3-SYLLABUS.PDF;https://www.thenational.academy/teachers/programmes/science-secondary-ks3/units/heating-and-cooling/lessons
y9cgp-056-E-heating-cooling-why-does-a-very-hot-drink-cool-faster-at-first-than-later,9E,Apply check,3,Heating and cooling,Why does a very hot drink cool faster at first than later?,"At first the temperature difference between the drink and surroundings is larger, so energy is transferred faster.",CGP KS3 Science syllabus map Year 9 Topic 5 Heating and cooling; Oak heating/cooling lessons,CGP-KS3-MAP;AQA-KS3-SYLLABUS;OAK-HEATING,,https://www.cgpbooks.co.uk/getmedia/5945ae31-1aa7-42af-8227-05682471a5a5/CGP-KS3-Science-Spec;https://filestore.aqa.org.uk/resources/science/specifications/AQA-SCIENCE-KS3-SYLLABUS.PDF;https://www.thenational.academy/teachers/programmes/science-secondary-ks3/units/heating-and-cooling/lessons
y9cgp-057-E-heating-cooling-correct-the-misconception-energy-disappears-when-an-object-c,9E,Progress check,2,Heating and cooling,Correct the misconception: “Energy disappears when an object cools.”,Energy is transferred from the hot object to the surroundings; it is not destroyed.,CGP KS3 Science syllabus map Year 9 Topic 5 Heating and cooling; Oak heating/cooling lessons,CGP-KS3-MAP;AQA-KS3-SYLLABUS;OAK-HEATING,,https://www.cgpbooks.co.uk/getmedia/5945ae31-1aa7-42af-8227-05682471a5a5/CGP-KS3-Science-Spec;https://filestore.aqa.org.uk/resources/science/specifications/AQA-SCIENCE-KS3-SYLLABUS.PDF;https://www.thenational.academy/teachers/programmes/science-secondary-ks3/units/heating-and-cooling/lessons
y9cgp-058-E-heating-cooling-which-material-would-usually-be-best-for-reducing-heat-loss-,9E,Quick quiz,2,Heating and cooling,Which material would usually be best for reducing heat loss from a mug?,D,CGP KS3 Science syllabus map Year 9 Topic 5 Heating and cooling; Oak heating/cooling lessons,CGP-KS3-MAP;AQA-KS3-SYLLABUS;OAK-HEATING,,https://www.cgpbooks.co.uk/getmedia/5945ae31-1aa7-42af-8227-05682471a5a5/CGP-KS3-Science-Spec;https://filestore.aqa.org.uk/resources/science/specifications/AQA-SCIENCE-KS3-SYLLABUS.PDF;https://www.thenational.academy/teachers/programmes/science-secondary-ks3/units/heating-and-cooling/lessons
y9cgp-059-E-heating-cooling-explain-why-insulation-does-not-make-heat-it-helps-keep-some,9E,Challenge check,3,Heating and cooling,Explain why insulation does not “make heat”; it helps keep something warm.,Insulation slows thermal energy transfer from the warm object to colder surroundings. It reduces energy loss but does not create energy.,CGP KS3 Science syllabus map Year 9 Topic 5 Heating and cooling; Oak heating/cooling lessons,CGP-KS3-MAP;AQA-KS3-SYLLABUS;OAK-HEATING,,https://www.cgpbooks.co.uk/getmedia/5945ae31-1aa7-42af-8227-05682471a5a5/CGP-KS3-Science-Spec;https://filestore.aqa.org.uk/resources/science/specifications/AQA-SCIENCE-KS3-SYLLABUS.PDF;https://www.thenational.academy/teachers/programmes/science-secondary-ks3/units/heating-and-cooling/lessons
y9cgp-060-F-periodic-table-bridge-define-periodic-table,9F,Vocabulary,1,Periodic table bridge,Define: periodic table,Arrangement of elements in order of proton number.,9F Summary sheet p2 Atomic structure; CGP KS3 Year 9 Topic 7 Periodic table; Oak periodic table lessons,CGP-KS3-MAP;AQA-KS3-SYLLABUS;OAK-PERIODIC;LOCAL-REVISION,Arrangement of elements in order of proton number.,https://www.cgpbooks.co.uk/getmedia/5945ae31-1aa7-42af-8227-05682471a5a5/CGP-KS3-Science-Spec;https://filestore.aqa.org.uk/resources/science/specifications/AQA-SCIENCE-KS3-SYLLABUS.PDF;https://www.thenational.academy/teachers/programmes/science-secondary-ks3/units/patterns-in-the-periodic-table/lessons;local:data/year9-content.js and data/year9-notes.js
y9cgp-061-F-periodic-table-bridge-what-does-an-atom-contain,9F,Progress check,2,Periodic table bridge,What does an atom contain?,Atoms contain neutrons and protons in a central nucleus and electrons around the outside of the nucleus.,9F Summary sheet p2 Atomic structure; CGP KS3 Year 9 Topic 7 Periodic table; Oak periodic table lessons,CGP-KS3-MAP;AQA-KS3-SYLLABUS;OAK-PERIODIC;LOCAL-REVISION,Atoms contain neutrons and protons in a central nucleus and electrons around the outside of the nucleus.,https://www.cgpbooks.co.uk/getmedia/5945ae31-1aa7-42af-8227-05682471a5a5/CGP-KS3-Science-Spec;https://filestore.aqa.org.uk/resources/science/specifications/AQA-SCIENCE-KS3-SYLLABUS.PDF;https://www.thenational.academy/teachers/programmes/science-secondary-ks3/units/patterns-in-the-periodic-table/lessons;local:data/year9-content.js and data/year9-notes.js
y9cgp-062-F-periodic-table-bridge-what-is-the-atomic-number-or-proton-number,9F,Progress check,1,Periodic table bridge,What is the atomic number or proton number?,The number of protons is the atomic number or proton number.,9F Summary sheet p2 Atomic structure; CGP KS3 Year 9 Topic 7 Periodic table; Oak periodic table lessons,CGP-KS3-MAP;AQA-KS3-SYLLABUS;OAK-PERIODIC;LOCAL-REVISION,The number of protons is the atomic number or proton number.,https://www.cgpbooks.co.uk/getmedia/5945ae31-1aa7-42af-8227-05682471a5a5/CGP-KS3-Science-Spec;https://filestore.aqa.org.uk/resources/science/specifications/AQA-SCIENCE-KS3-SYLLABUS.PDF;https://www.thenational.academy/teachers/programmes/science-secondary-ks3/units/patterns-in-the-periodic-table/lessons;local:data/year9-content.js and data/year9-notes.js
y9cgp-063-F-periodic-table-bridge-what-is-the-mass-number-of-an-atom,9F,Progress check,2,Periodic table bridge,What is the mass number of an atom?,The number of neutrons and the number of protons in an atom is its mass number.,9F Summary sheet p2 Atomic structure; CGP KS3 Year 9 Topic 7 Periodic table; Oak periodic table lessons,CGP-KS3-MAP;AQA-KS3-SYLLABUS;OAK-PERIODIC;LOCAL-REVISION,The number of neutrons and the number of protons in an atom is its mass number.,https://www.cgpbooks.co.uk/getmedia/5945ae31-1aa7-42af-8227-05682471a5a5/CGP-KS3-Science-Spec;https://filestore.aqa.org.uk/resources/science/specifications/AQA-SCIENCE-KS3-SYLLABUS.PDF;https://www.thenational.academy/teachers/programmes/science-secondary-ks3/units/patterns-in-the-periodic-table/lessons;local:data/year9-content.js and data/year9-notes.js
y9cgp-064-F-periodic-table-bridge-what-are-groups-and-periods-in-the-periodic-table,9F,Progress check,1,Periodic table bridge,What are groups and periods in the periodic table?,The vertical columns in the periodic table are groups and the rows are periods.,9F Summary sheet p2 Atomic structure; CGP KS3 Year 9 Topic 7 Periodic table; Oak periodic table lessons,CGP-KS3-MAP;AQA-KS3-SYLLABUS;OAK-PERIODIC;LOCAL-REVISION,The vertical columns in the periodic table are groups and the rows are periods.,https://www.cgpbooks.co.uk/getmedia/5945ae31-1aa7-42af-8227-05682471a5a5/CGP-KS3-Science-Spec;https://filestore.aqa.org.uk/resources/science/specifications/AQA-SCIENCE-KS3-SYLLABUS.PDF;https://www.thenational.academy/teachers/programmes/science-secondary-ks3/units/patterns-in-the-periodic-table/lessons;local:data/year9-content.js and data/year9-notes.js
y9cgp-065-F-periodic-table-bridge-elements-in-the-same-group-usually-have,9F,Quick quiz,2,Periodic table bridge,Elements in the same group usually have:,B,9F Summary sheet p2 Atomic structure; CGP KS3 Year 9 Topic 7 Periodic table; Oak periodic table lessons,CGP-KS3-MAP;AQA-KS3-SYLLABUS;OAK-PERIODIC;LOCAL-REVISION,,https://www.cgpbooks.co.uk/getmedia/5945ae31-1aa7-42af-8227-05682471a5a5/CGP-KS3-Science-Spec;https://filestore.aqa.org.uk/resources/science/specifications/AQA-SCIENCE-KS3-SYLLABUS.PDF;https://www.thenational.academy/teachers/programmes/science-secondary-ks3/units/patterns-in-the-periodic-table/lessons;local:data/year9-content.js and data/year9-notes.js
y9cgp-066-F-periodic-table-bridge-across-a-period-elements-are-arranged-mainly-by-increasing,9F,Quick quiz,1,Periodic table bridge,"Across a period, elements are arranged mainly by increasing:",C,9F Summary sheet p2 Atomic structure; CGP KS3 Year 9 Topic 7 Periodic table; Oak periodic table lessons,CGP-KS3-MAP;AQA-KS3-SYLLABUS;OAK-PERIODIC;LOCAL-REVISION,,https://www.cgpbooks.co.uk/getmedia/5945ae31-1aa7-42af-8227-05682471a5a5/CGP-KS3-Science-Spec;https://filestore.aqa.org.uk/resources/science/specifications/AQA-SCIENCE-KS3-SYLLABUS.PDF;https://www.thenational.academy/teachers/programmes/science-secondary-ks3/units/patterns-in-the-periodic-table/lessons;local:data/year9-content.js and data/year9-notes.js
y9cgp-067-F-periodic-table-bridge-where-are-metals-usually-found-in-the-periodic-table,9F,Progress check,1,Periodic table bridge,Where are metals usually found in the periodic table?,Metals are usually found on the left and in the middle of the periodic table.,9F Summary sheet p2 Atomic structure; CGP KS3 Year 9 Topic 7 Periodic table; Oak periodic table lessons,CGP-KS3-MAP;AQA-KS3-SYLLABUS;OAK-PERIODIC;LOCAL-REVISION,,https://www.cgpbooks.co.uk/getmedia/5945ae31-1aa7-42af-8227-05682471a5a5/CGP-KS3-Science-Spec;https://filestore.aqa.org.uk/resources/science/specifications/AQA-SCIENCE-KS3-SYLLABUS.PDF;https://www.thenational.academy/teachers/programmes/science-secondary-ks3/units/patterns-in-the-periodic-table/lessons;local:data/year9-content.js and data/year9-notes.js
y9cgp-068-F-periodic-table-bridge-give-two-general-properties-of-metals,9F,Progress check,2,Periodic table bridge,Give two general properties of metals.,Metals are usually good electrical conductors and thermal conductors. Many are also shiny and malleable.,9F Summary sheet p2 Atomic structure; CGP KS3 Year 9 Topic 7 Periodic table; Oak periodic table lessons,CGP-KS3-MAP;AQA-KS3-SYLLABUS;OAK-PERIODIC;LOCAL-REVISION,,https://www.cgpbooks.co.uk/getmedia/5945ae31-1aa7-42af-8227-05682471a5a5/CGP-KS3-Science-Spec;https://filestore.aqa.org.uk/resources/science/specifications/AQA-SCIENCE-KS3-SYLLABUS.PDF;https://www.thenational.academy/teachers/programmes/science-secondary-ks3/units/patterns-in-the-periodic-table/lessons;local:data/year9-content.js and data/year9-notes.js
y9cgp-069-F-periodic-table-bridge-give-two-general-properties-of-non-metals,9F,Progress check,2,Periodic table bridge,Give two general properties of non-metals.,Non-metals are usually poor conductors and are often dull or brittle when solid.,9F Summary sheet p2 Atomic structure; CGP KS3 Year 9 Topic 7 Periodic table; Oak periodic table lessons,CGP-KS3-MAP;AQA-KS3-SYLLABUS;OAK-PERIODIC;LOCAL-REVISION,,https://www.cgpbooks.co.uk/getmedia/5945ae31-1aa7-42af-8227-05682471a5a5/CGP-KS3-Science-Spec;https://filestore.aqa.org.uk/resources/science/specifications/AQA-SCIENCE-KS3-SYLLABUS.PDF;https://www.thenational.academy/teachers/programmes/science-secondary-ks3/units/patterns-in-the-periodic-table/lessons;local:data/year9-content.js and data/year9-notes.js
y9cgp-070-F-periodic-table-bridge-which-group-contains-the-alkali-metals,9F,Quick quiz,2,Periodic table bridge,Which group contains the alkali metals?,A,9F Summary sheet p2 Atomic structure; CGP KS3 Year 9 Topic 7 Periodic table; Oak periodic table lessons,CGP-KS3-MAP;AQA-KS3-SYLLABUS;OAK-PERIODIC;LOCAL-REVISION,,https://www.cgpbooks.co.uk/getmedia/5945ae31-1aa7-42af-8227-05682471a5a5/CGP-KS3-Science-Spec;https://filestore.aqa.org.uk/resources/science/specifications/AQA-SCIENCE-KS3-SYLLABUS.PDF;https://www.thenational.academy/teachers/programmes/science-secondary-ks3/units/patterns-in-the-periodic-table/lessons;local:data/year9-content.js and data/year9-notes.js
y9cgp-071-F-periodic-table-bridge-describe-the-reactivity-trend-down-group-1,9F,Progress check,2,Periodic table bridge,Describe the reactivity trend down Group 1.,Group 1 metals become more reactive down the group.,9F Summary sheet p2 Atomic structure; CGP KS3 Year 9 Topic 7 Periodic table; Oak periodic table lessons,CGP-KS3-MAP;AQA-KS3-SYLLABUS;OAK-PERIODIC;LOCAL-REVISION,,https://www.cgpbooks.co.uk/getmedia/5945ae31-1aa7-42af-8227-05682471a5a5/CGP-KS3-Science-Spec;https://filestore.aqa.org.uk/resources/science/specifications/AQA-SCIENCE-KS3-SYLLABUS.PDF;https://www.thenational.academy/teachers/programmes/science-secondary-ks3/units/patterns-in-the-periodic-table/lessons;local:data/year9-content.js and data/year9-notes.js
y9cgp-072-F-periodic-table-bridge-which-group-contains-the-halogens,9F,Quick quiz,2,Periodic table bridge,Which group contains the halogens?,C,9F Summary sheet p2 Atomic structure; CGP KS3 Year 9 Topic 7 Periodic table; Oak periodic table lessons,CGP-KS3-MAP;AQA-KS3-SYLLABUS;OAK-PERIODIC;LOCAL-REVISION,,https://www.cgpbooks.co.uk/getmedia/5945ae31-1aa7-42af-8227-05682471a5a5/CGP-KS3-Science-Spec;https://filestore.aqa.org.uk/resources/science/specifications/AQA-SCIENCE-KS3-SYLLABUS.PDF;https://www.thenational.academy/teachers/programmes/science-secondary-ks3/units/patterns-in-the-periodic-table/lessons;local:data/year9-content.js and data/year9-notes.js
y9cgp-073-F-periodic-table-bridge-describe-the-reactivity-trend-down-group-7,9F,Progress check,3,Periodic table bridge,Describe the reactivity trend down Group 7.,Group 7 non-metals become less reactive down the group.,9F Summary sheet p2 Atomic structure; CGP KS3 Year 9 Topic 7 Periodic table; Oak periodic table lessons,CGP-KS3-MAP;AQA-KS3-SYLLABUS;OAK-PERIODIC;LOCAL-REVISION,,https://www.cgpbooks.co.uk/getmedia/5945ae31-1aa7-42af-8227-05682471a5a5/CGP-KS3-Science-Spec;https://filestore.aqa.org.uk/resources/science/specifications/AQA-SCIENCE-KS3-SYLLABUS.PDF;https://www.thenational.academy/teachers/programmes/science-secondary-ks3/units/patterns-in-the-periodic-table/lessons;local:data/year9-content.js and data/year9-notes.js
y9cgp-074-E-climate-bridge-define-greenhouse-gas,9E,Vocabulary,1,Climate and greenhouse gases,Define: greenhouse gas,"A gas that helps trap heat in the atmosphere, such as carbon dioxide.",9E environmental impacts/greenhouse gas revision content; CGP KS3 Year 9 Topic 11 Climate; Oak climate lessons,CGP-KS3-MAP;AQA-KS3-SYLLABUS;OAK-CLIMATE;LOCAL-REVISION,"A gas that helps trap heat in the atmosphere, such as carbon dioxide.",https://www.cgpbooks.co.uk/getmedia/5945ae31-1aa7-42af-8227-05682471a5a5/CGP-KS3-Science-Spec;https://filestore.aqa.org.uk/resources/science/specifications/AQA-SCIENCE-KS3-SYLLABUS.PDF;https://www.thenational.academy/teachers/programmes/science-secondary-ks3/units/climate-change-and-greenhouse-gases/lessons;local:data/year9-content.js and data/year9-notes.js
y9cgp-075-E-climate-bridge-define-global-warming,9E,Vocabulary,1,Climate and greenhouse gases,Define: global warming,Global warming is an increase in Earth’s average surface temperature.,9E environmental impacts/greenhouse gas revision content; CGP KS3 Year 9 Topic 11 Climate; Oak climate lessons,CGP-KS3-MAP;AQA-KS3-SYLLABUS;OAK-CLIMATE;LOCAL-REVISION,,https://www.cgpbooks.co.uk/getmedia/5945ae31-1aa7-42af-8227-05682471a5a5/CGP-KS3-Science-Spec;https://filestore.aqa.org.uk/resources/science/specifications/AQA-SCIENCE-KS3-SYLLABUS.PDF;https://www.thenational.academy/teachers/programmes/science-secondary-ks3/units/climate-change-and-greenhouse-gases/lessons;local:data/year9-content.js and data/year9-notes.js
y9cgp-076-E-climate-bridge-what-causes-the-natural-greenhouse-effect,9E,Progress check,2,Climate and greenhouse gases,What causes the natural greenhouse effect?,"Greenhouse gases in Earth’s atmosphere absorb and re-emit thermal radiation, keeping Earth warmer than it would otherwise be.",9E environmental impacts/greenhouse gas revision content; CGP KS3 Year 9 Topic 11 Climate; Oak climate lessons,CGP-KS3-MAP;AQA-KS3-SYLLABUS;OAK-CLIMATE;LOCAL-REVISION,,https://www.cgpbooks.co.uk/getmedia/5945ae31-1aa7-42af-8227-05682471a5a5/CGP-KS3-Science-Spec;https://filestore.aqa.org.uk/resources/science/specifications/AQA-SCIENCE-KS3-SYLLABUS.PDF;https://www.thenational.academy/teachers/programmes/science-secondary-ks3/units/climate-change-and-greenhouse-gases/lessons;local:data/year9-content.js and data/year9-notes.js
y9cgp-077-E-climate-bridge-why-can-extra-greenhouse-gases-increase-global-temperature,9E,Apply check,3,Climate and greenhouse gases,Why can extra greenhouse gases increase global temperature?,"Extra greenhouse gases strengthen the greenhouse effect, so more thermal energy is retained in the atmosphere and average temperature rises.",9E environmental impacts/greenhouse gas revision content; CGP KS3 Year 9 Topic 11 Climate; Oak climate lessons,CGP-KS3-MAP;AQA-KS3-SYLLABUS;OAK-CLIMATE;LOCAL-REVISION,,https://www.cgpbooks.co.uk/getmedia/5945ae31-1aa7-42af-8227-05682471a5a5/CGP-KS3-Science-Spec;https://filestore.aqa.org.uk/resources/science/specifications/AQA-SCIENCE-KS3-SYLLABUS.PDF;https://www.thenational.academy/teachers/programmes/science-secondary-ks3/units/climate-change-and-greenhouse-gases/lessons;local:data/year9-content.js and data/year9-notes.js
y9cgp-078-E-climate-bridge-which-gas-is-commonly-released-by-burning-fossil-fuels,9E,Quick quiz,1,Climate and greenhouse gases,Which gas is commonly released by burning fossil fuels?,B,9E environmental impacts/greenhouse gas revision content; CGP KS3 Year 9 Topic 11 Climate; Oak climate lessons,CGP-KS3-MAP;AQA-KS3-SYLLABUS;OAK-CLIMATE;LOCAL-REVISION,,https://www.cgpbooks.co.uk/getmedia/5945ae31-1aa7-42af-8227-05682471a5a5/CGP-KS3-Science-Spec;https://filestore.aqa.org.uk/resources/science/specifications/AQA-SCIENCE-KS3-SYLLABUS.PDF;https://www.thenational.academy/teachers/programmes/science-secondary-ks3/units/climate-change-and-greenhouse-gases/lessons;local:data/year9-content.js and data/year9-notes.js
y9cgp-079-E-climate-bridge-give-two-examples-of-evidence-used-for-global-warming,9E,Progress check,3,Climate and greenhouse gases,Give two examples of evidence used for global warming.,"Examples include temperature measurements, ice-core data, tree-ring data, glacier changes and sea-level measurements.",9E environmental impacts/greenhouse gas revision content; CGP KS3 Year 9 Topic 11 Climate; Oak climate lessons,CGP-KS3-MAP;AQA-KS3-SYLLABUS;OAK-CLIMATE;LOCAL-REVISION,,https://www.cgpbooks.co.uk/getmedia/5945ae31-1aa7-42af-8227-05682471a5a5/CGP-KS3-Science-Spec;https://filestore.aqa.org.uk/resources/science/specifications/AQA-SCIENCE-KS3-SYLLABUS.PDF;https://www.thenational.academy/teachers/programmes/science-secondary-ks3/units/climate-change-and-greenhouse-gases/lessons;local:data/year9-content.js and data/year9-notes.js
y9cgp-080-E-climate-bridge-how-can-cutting-fossil-fuel-use-help-reduce-global-warming,9E,Progress check,2,Climate and greenhouse gases,How can cutting fossil fuel use help reduce global warming?,"Cutting fossil fuel use reduces carbon dioxide emissions, which can slow the increase in greenhouse gases.",9E environmental impacts/greenhouse gas revision content; CGP KS3 Year 9 Topic 11 Climate; Oak climate lessons,CGP-KS3-MAP;AQA-KS3-SYLLABUS;OAK-CLIMATE;LOCAL-REVISION,,https://www.cgpbooks.co.uk/getmedia/5945ae31-1aa7-42af-8227-05682471a5a5/CGP-KS3-Science-Spec;https://filestore.aqa.org.uk/resources/science/specifications/AQA-SCIENCE-KS3-SYLLABUS.PDF;https://www.thenational.academy/teachers/programmes/science-secondary-ks3/units/climate-change-and-greenhouse-gases/lessons;local:data/year9-content.js and data/year9-notes.js
y9cgp-081-E-climate-bridge-explain-one-environmental-problem-caused-by-making-materials,9E,Apply check,3,Climate and greenhouse gases,Explain one environmental problem caused by making materials.,"Making materials can burn fossil fuels, releasing carbon dioxide; some processes also release toxins or sulfur dioxide.",9E environmental impacts/greenhouse gas revision content; CGP KS3 Year 9 Topic 11 Climate; Oak climate lessons,CGP-KS3-MAP;AQA-KS3-SYLLABUS;OAK-CLIMATE;LOCAL-REVISION,"Making materials can burn fossil fuels, releasing carbon dioxide; some processes also release toxins or sulfur dioxide.",https://www.cgpbooks.co.uk/getmedia/5945ae31-1aa7-42af-8227-05682471a5a5/CGP-KS3-Science-Spec;https://filestore.aqa.org.uk/resources/science/specifications/AQA-SCIENCE-KS3-SYLLABUS.PDF;https://www.thenational.academy/teachers/programmes/science-secondary-ks3/units/climate-change-and-greenhouse-gases/lessons;local:data/year9-content.js and data/year9-notes.js
y9cgp-082-E-climate-bridge-which-action-would-most-directly-reduce-carbon-dioxide-emiss,9E,Quick quiz,2,Climate and greenhouse gases,Which action would most directly reduce carbon dioxide emissions from energy use?,D,9E environmental impacts/greenhouse gas revision content; CGP KS3 Year 9 Topic 11 Climate; Oak climate lessons,CGP-KS3-MAP;AQA-KS3-SYLLABUS;OAK-CLIMATE;LOCAL-REVISION,,https://www.cgpbooks.co.uk/getmedia/5945ae31-1aa7-42af-8227-05682471a5a5/CGP-KS3-Science-Spec;https://filestore.aqa.org.uk/resources/science/specifications/AQA-SCIENCE-KS3-SYLLABUS.PDF;https://www.thenational.academy/teachers/programmes/science-secondary-ks3/units/climate-change-and-greenhouse-gases/lessons;local:data/year9-content.js and data/year9-notes.js
y9cgp-083-E-climate-bridge-why-is-climate-change-more-than-just-one-hot-day,9E,Progress check,2,Climate and greenhouse gases,Why is climate change more than just “one hot day”?,"Climate change means long-term changes in average conditions and patterns, not a single weather event.",9E environmental impacts/greenhouse gas revision content; CGP KS3 Year 9 Topic 11 Climate; Oak climate lessons,CGP-KS3-MAP;AQA-KS3-SYLLABUS;OAK-CLIMATE;LOCAL-REVISION,,https://www.cgpbooks.co.uk/getmedia/5945ae31-1aa7-42af-8227-05682471a5a5/CGP-KS3-Science-Spec;https://filestore.aqa.org.uk/resources/science/specifications/AQA-SCIENCE-KS3-SYLLABUS.PDF;https://www.thenational.academy/teachers/programmes/science-secondary-ks3/units/climate-change-and-greenhouse-gases/lessons;local:data/year9-content.js and data/year9-notes.js
y9cgp-084-E-climate-bridge-why-do-scientists-compare-modern-temperatures-with-long-term,9E,Apply check,3,Climate and greenhouse gases,Why do scientists compare modern temperatures with long-term averages?,Long-term averages help show whether recent temperatures are unusual compared with normal variation.,9E environmental impacts/greenhouse gas revision content; CGP KS3 Year 9 Topic 11 Climate; Oak climate lessons,CGP-KS3-MAP;AQA-KS3-SYLLABUS;OAK-CLIMATE;LOCAL-REVISION,,https://www.cgpbooks.co.uk/getmedia/5945ae31-1aa7-42af-8227-05682471a5a5/CGP-KS3-Science-Spec;https://filestore.aqa.org.uk/resources/science/specifications/AQA-SCIENCE-KS3-SYLLABUS.PDF;https://www.thenational.academy/teachers/programmes/science-secondary-ks3/units/climate-change-and-greenhouse-gases/lessons;local:data/year9-content.js and data/year9-notes.js
y9cgp-085-E-climate-bridge-explain-why-a-correlation-between-greenhouse-gas-emissions-a,9E,Challenge check,4,Climate and greenhouse gases,Explain why a correlation between greenhouse gas emissions and temperature is important but not the only evidence needed.,"A correlation shows the two have changed together, but scientists also need mechanisms and other evidence to explain why increased greenhouse gases cause warming.",9E environmental impacts/greenhouse gas revision content; CGP KS3 Year 9 Topic 11 Climate; Oak climate lessons,CGP-KS3-MAP;AQA-KS3-SYLLABUS;OAK-CLIMATE;LOCAL-REVISION,,https://www.cgpbooks.co.uk/getmedia/5945ae31-1aa7-42af-8227-05682471a5a5/CGP-KS3-Science-Spec;https://filestore.aqa.org.uk/resources/science/specifications/AQA-SCIENCE-KS3-SYLLABUS.PDF;https://www.thenational.academy/teachers/programmes/science-secondary-ks3/units/climate-change-and-greenhouse-gases/lessons;local:data/year9-content.js and data/year9-notes.js
y9cgp-096-F-chemical-energy-bridge-define-exothermic-reaction,9F,Vocabulary,1,Chemical energy bridge,Define: exothermic reaction,A reaction that transfers energy to the surroundings.,9E/9F Summary sheet exothermic and endothermic reactions; CGP KS3 Year 9 Topic 10 Chemical energy; Oak chemical energy lesson,CGP-KS3-MAP;AQA-KS3-SYLLABUS;OAK-CHEM-ENERGY;LOCAL-REVISION,A reaction that transfers energy to the surroundings.,https://www.cgpbooks.co.uk/getmedia/5945ae31-1aa7-42af-8227-05682471a5a5/CGP-KS3-Science-Spec;https://filestore.aqa.org.uk/resources/science/specifications/AQA-SCIENCE-KS3-SYLLABUS.PDF;https://www.thenational.academy/teachers/programmes/science-secondary-ks3/units/fuels-and-energetics/lessons/exothermic-and-endothermic-chemical-reactions;local:data/year9-content.js and data/year9-notes.js
y9cgp-097-F-chemical-energy-bridge-define-endothermic-reaction,9F,Vocabulary,1,Chemical energy bridge,Define: endothermic reaction,A reaction that takes in energy from the surroundings.,9E/9F Summary sheet exothermic and endothermic reactions; CGP KS3 Year 9 Topic 10 Chemical energy; Oak chemical energy lesson,CGP-KS3-MAP;AQA-KS3-SYLLABUS;OAK-CHEM-ENERGY;LOCAL-REVISION,A reaction that takes in energy from the surroundings.,https://www.cgpbooks.co.uk/getmedia/5945ae31-1aa7-42af-8227-05682471a5a5/CGP-KS3-Science-Spec;https://filestore.aqa.org.uk/resources/science/specifications/AQA-SCIENCE-KS3-SYLLABUS.PDF;https://www.thenational.academy/teachers/programmes/science-secondary-ks3/units/fuels-and-energetics/lessons/exothermic-and-endothermic-chemical-reactions;local:data/year9-content.js and data/year9-notes.js
y9cgp-098-F-chemical-energy-bridge-what-do-exothermic-reactions-do-to-the-surroundings,9F,Progress check,2,Chemical energy bridge,What do exothermic reactions do to the surroundings?,Exothermic reactions transfer energy into the surroundings and so increase the temperature around them.,9E/9F Summary sheet exothermic and endothermic reactions; CGP KS3 Year 9 Topic 10 Chemical energy; Oak chemical energy lesson,CGP-KS3-MAP;AQA-KS3-SYLLABUS;OAK-CHEM-ENERGY;LOCAL-REVISION,Exothermic reactions transfer energy into the surroundings and so increase the temperature around them.,https://www.cgpbooks.co.uk/getmedia/5945ae31-1aa7-42af-8227-05682471a5a5/CGP-KS3-Science-Spec;https://filestore.aqa.org.uk/resources/science/specifications/AQA-SCIENCE-KS3-SYLLABUS.PDF;https://www.thenational.academy/teachers/programmes/science-secondary-ks3/units/fuels-and-energetics/lessons/exothermic-and-endothermic-chemical-reactions;local:data/year9-content.js and data/year9-notes.js
y9cgp-099-F-chemical-energy-bridge-what-do-endothermic-reactions-do-to-the-surroundings,9F,Progress check,2,Chemical energy bridge,What do endothermic reactions do to the surroundings?,Endothermic reactions transfer energy from the surroundings and so decrease the temperature around them.,9E/9F Summary sheet exothermic and endothermic reactions; CGP KS3 Year 9 Topic 10 Chemical energy; Oak chemical energy lesson,CGP-KS3-MAP;AQA-KS3-SYLLABUS;OAK-CHEM-ENERGY;LOCAL-REVISION,Endothermic reactions transfer energy from the surroundings and so decrease the temperature around them.,https://www.cgpbooks.co.uk/getmedia/5945ae31-1aa7-42af-8227-05682471a5a5/CGP-KS3-Science-Spec;https://filestore.aqa.org.uk/resources/science/specifications/AQA-SCIENCE-KS3-SYLLABUS.PDF;https://www.thenational.academy/teachers/programmes/science-secondary-ks3/units/fuels-and-energetics/lessons/exothermic-and-endothermic-chemical-reactions;local:data/year9-content.js and data/year9-notes.js
y9cgp-100-F-chemical-energy-bridge-a-reaction-mixture-starts-at-20-c-and-ends-at-28-c-what-type,9F,Quick quiz,2,Chemical energy bridge,A reaction mixture starts at 20°C and ends at 28°C. What type of reaction is it?,A,9E/9F Summary sheet exothermic and endothermic reactions; CGP KS3 Year 9 Topic 10 Chemical energy; Oak chemical energy lesson,CGP-KS3-MAP;AQA-KS3-SYLLABUS;OAK-CHEM-ENERGY;LOCAL-REVISION,,https://www.cgpbooks.co.uk/getmedia/5945ae31-1aa7-42af-8227-05682471a5a5/CGP-KS3-Science-Spec;https://filestore.aqa.org.uk/resources/science/specifications/AQA-SCIENCE-KS3-SYLLABUS.PDF;https://www.thenational.academy/teachers/programmes/science-secondary-ks3/units/fuels-and-energetics/lessons/exothermic-and-endothermic-chemical-reactions;local:data/year9-content.js and data/year9-notes.js
y9cgp-101-F-chemical-energy-bridge-a-reaction-mixture-starts-at-22-c-and-falls-to-16-c-what-typ,9F,Quick quiz,2,Chemical energy bridge,A reaction mixture starts at 22°C and falls to 16°C. What type of reaction is it?,B,9E/9F Summary sheet exothermic and endothermic reactions; CGP KS3 Year 9 Topic 10 Chemical energy; Oak chemical energy lesson,CGP-KS3-MAP;AQA-KS3-SYLLABUS;OAK-CHEM-ENERGY;LOCAL-REVISION,,https://www.cgpbooks.co.uk/getmedia/5945ae31-1aa7-42af-8227-05682471a5a5/CGP-KS3-Science-Spec;https://filestore.aqa.org.uk/resources/science/specifications/AQA-SCIENCE-KS3-SYLLABUS.PDF;https://www.thenational.academy/teachers/programmes/science-secondary-ks3/units/fuels-and-energetics/lessons/exothermic-and-endothermic-chemical-reactions;local:data/year9-content.js and data/year9-notes.js
y9cgp-102-F-chemical-energy-bridge-why-should-temperature-be-measured-before-and-after-a-reacti,9F,Apply check,3,Chemical energy bridge,Why should temperature be measured before and after a reaction?,The temperature change shows whether the reaction transferred energy to the surroundings or took energy from the surroundings.,9E/9F Summary sheet exothermic and endothermic reactions; CGP KS3 Year 9 Topic 10 Chemical energy; Oak chemical energy lesson,CGP-KS3-MAP;AQA-KS3-SYLLABUS;OAK-CHEM-ENERGY;LOCAL-REVISION,,https://www.cgpbooks.co.uk/getmedia/5945ae31-1aa7-42af-8227-05682471a5a5/CGP-KS3-Science-Spec;https://filestore.aqa.org.uk/resources/science/specifications/AQA-SCIENCE-KS3-SYLLABUS.PDF;https://www.thenational.academy/teachers/programmes/science-secondary-ks3/units/fuels-and-energetics/lessons/exothermic-and-endothermic-chemical-reactions;local:data/year9-content.js and data/year9-notes.js
y9cgp-103-F-chemical-energy-bridge-give-one-example-of-an-endothermic-reaction-from-the-revisio,9F,Progress check,1,Chemical energy bridge,Give one example of an endothermic reaction from the revision sheet.,Thermal decomposition reactions.,9E/9F Summary sheet exothermic and endothermic reactions; CGP KS3 Year 9 Topic 10 Chemical energy; Oak chemical energy lesson,CGP-KS3-MAP;AQA-KS3-SYLLABUS;OAK-CHEM-ENERGY;LOCAL-REVISION,Thermal decomposition reactions.,https://www.cgpbooks.co.uk/getmedia/5945ae31-1aa7-42af-8227-05682471a5a5/CGP-KS3-Science-Spec;https://filestore.aqa.org.uk/resources/science/specifications/AQA-SCIENCE-KS3-SYLLABUS.PDF;https://www.thenational.academy/teachers/programmes/science-secondary-ks3/units/fuels-and-energetics/lessons/exothermic-and-endothermic-chemical-reactions;local:data/year9-content.js and data/year9-notes.js
y9cgp-104-F-chemical-energy-bridge-why-is-combustion-usually-described-as-exothermic,9F,Apply check,2,Chemical energy bridge,Why is combustion usually described as exothermic?,"Combustion transfers energy to the surroundings, usually heating the surroundings and often producing light.",9E/9F Summary sheet exothermic and endothermic reactions; CGP KS3 Year 9 Topic 10 Chemical energy; Oak chemical energy lesson,CGP-KS3-MAP;AQA-KS3-SYLLABUS;OAK-CHEM-ENERGY;LOCAL-REVISION,,https://www.cgpbooks.co.uk/getmedia/5945ae31-1aa7-42af-8227-05682471a5a5/CGP-KS3-Science-Spec;https://filestore.aqa.org.uk/resources/science/specifications/AQA-SCIENCE-KS3-SYLLABUS.PDF;https://www.thenational.academy/teachers/programmes/science-secondary-ks3/units/fuels-and-energetics/lessons/exothermic-and-endothermic-chemical-reactions;local:data/year9-content.js and data/year9-notes.js
y9cgp-105-F-chemical-energy-bridge-correct-the-misconception-a-cold-reaction-makes-cold-energy,9F,Challenge check,3,Chemical energy bridge,Correct the misconception: “A cold reaction makes cold energy.”,"There is no cold energy. In an endothermic reaction, energy is transferred from the surroundings to the reaction, so the surroundings get colder.",9E/9F Summary sheet exothermic and endothermic reactions; CGP KS3 Year 9 Topic 10 Chemical energy; Oak chemical energy lesson,CGP-KS3-MAP;AQA-KS3-SYLLABUS;OAK-CHEM-ENERGY;LOCAL-REVISION,,https://www.cgpbooks.co.uk/getmedia/5945ae31-1aa7-42af-8227-05682471a5a5/CGP-KS3-Science-Spec;https://filestore.aqa.org.uk/resources/science/specifications/AQA-SCIENCE-KS3-SYLLABUS.PDF;https://www.thenational.academy/teachers/programmes/science-secondary-ks3/units/fuels-and-energetics/lessons/exothermic-and-endothermic-chemical-reactions;local:data/year9-content.js and data/year9-notes.js
