topic,slug,notes_asset,blank_asset,class_note_status,question_status,note_refs,blank_refs,qa_comment
Circuit symbols A-H matching grid,9J-circuit-symbols-grid,assets/webp/9J-circuit-symbols-grid-notes-v2.webp,assets/webp/9J-circuit-symbols-grid-blank-v2.webp,integrated in class notes,integrated in question cards,note:9J-circuits,card:y9x-138-9j-match-common-circuit-symbols-to-their-component-names; card:y9x-139-9j-which-label-shows-an-open-switch; card:y9x-140-9j-which-label-shows-a-closed-switch; card:y9x-141-9j-which-label-shows-a-resistor; card:y9x-142-9j-which-label-shows-a-voltmeter; card:y9x-143-9j-which-label-shows-an-ammeter; card:y9x-144-9j-which-label-shows-a-motor,Question cards retargeted to match the new A–H grid; motor question became a battery question.
Ammeter/voltmeter placement candidate positions,9J-meter-placement-candidates,assets/webp/9J-meter-placement-candidates-notes-v2.webp,assets/webp/9J-meter-placement-candidates-blank-v2.webp,integrated in class notes,integrated in question cards,note:9J-circuits,card:y9x-149-9j-where-should-an-ammeter-go-to-measure-current-through-the-lamp; card:y9x-150-9j-where-should-a-voltmeter-go-to-measure-potential-difference-across-the-lamp,Question answer keys retargeted from A/B to X/Y.
Current-voltage graph for two resistors A and B,9J-current-voltage-resistors-ab,assets/webp/9J-current-voltage-resistors-ab-notes-v2.webp,assets/webp/9J-current-voltage-resistors-ab-blank-v2.webp,stored as reserve,integrated in question cards,,card:y9x-112-9j-explain-how-a-current-voltage-graph-shows-which-resistor-has-the-higher-resistan,
Continuous vs discontinuous variation,9A-continuous-discontinuous-variation,assets/webp/9A-continuous-discontinuous-variation-notes-v2.webp,assets/webp/9A-continuous-discontinuous-variation-blank-v2.webp,integrated in class notes,integrated in question cards,note:9A-variation,card:y9-004-9a-what-sort-of-variation-is-shown-when-measurements-can-take-any-value-o; card:y9-008-9a-the-overall-bell-shape-on-a-continuous-variation-chart-is-called,
DNA chromosome gene hierarchy,9A-dna-chromosome-gene-hierarchy,assets/webp/9A-dna-chromosome-gene-hierarchy-notes-v2.webp,assets/webp/9A-dna-chromosome-gene-hierarchy-blank-v2.webp,integrated in class notes,stored as reserve,note:9A-inheritance,,
"Polymers, monomers and composites",9E-polymers-monomers-composites,assets/webp/9E-polymers-monomers-composites-notes-v2.webp,assets/webp/9E-polymers-monomers-composites-blank-v2.webp,integrated in class notes,stored as reserve,note:9E-composites,,
Food web and population changes,9B-food-web-population-changes,assets/webp/9B-food-web-population-changes-notes-v2.webp,assets/webp/9B-food-web-population-changes-blank-v2.webp,integrated in class notes,stored as reserve,note:9B-food-webs,,Question SVG retained for current wren/insecticide card because new food-web blank uses a different ecosystem.
Carbon cycle source-style visual,9B-carbon-cycle-source-style,assets/webp/9B-carbon-cycle-source-style-notes-v2.webp,assets/webp/9B-carbon-cycle-source-style-blank-v2.webp,integrated in class notes,integrated in question cards,note:9B-food-webs,card:y9x-095-9b-label-the-main-processes-in-the-carbon-cycle,
Rusting conditions and rust prevention,9F-rusting-conditions-prevention,assets/webp/9F-rusting-conditions-prevention-notes-v2.webp,assets/webp/9F-rusting-conditions-prevention-blank-v2.webp,integrated in class notes,stored as reserve,note:9F-rusting,,Question SVG retained because existing answer keys depend on current labelled test conditions/pairs.
Sacrificial protection of iron,9F-sacrificial-protection-iron,assets/webp/9F-sacrificial-protection-iron-notes-v2.webp,assets/webp/9F-sacrificial-protection-iron-blank-v2.webp,integrated in class notes,stored as reserve,note:9F-rusting,,Question SVG retained because existing answer keys depend on current labelled test conditions/pairs.
Gas pressure and Brownian motion,9E-gas-pressure-brownian-motion,assets/webp/9E-gas-pressure-brownian-motion-notes-v2.webp,assets/webp/9E-gas-pressure-brownian-motion-blank-v2.webp,stored as reserve,stored as reserve,,,"Useful workbook/bridge asset, but not broadly wired into active cards unless matching content exists."
Diffusion in liquids and gases,9E-diffusion-liquids-gases,assets/webp/9E-diffusion-liquids-gases-notes-v2.webp,assets/webp/9E-diffusion-liquids-gases-blank-v2.webp,stored as reserve,stored as reserve,,,"Useful workbook/bridge asset, but not broadly wired into active cards unless matching content exists."
"Lever, pivot and moment",9I-lever-pivot-moment,assets/webp/9I-lever-pivot-moment-notes-v2.webp,assets/webp/9I-lever-pivot-moment-blank-v2.webp,integrated in class notes,stored as reserve,note:9I-moments,,Question SVG retained where exact A/B/C/D label semantics were not verified for existing answer keys.
Real-world examples of moments,9I-moments-real-world-context,assets/webp/9I-moments-real-world-context-notes-v2.webp,assets/webp/9I-moments-real-world-context-blank-v2.webp,integrated in class notes,stored as reserve,note:9I-moments,,Question SVG retained where exact A/B/C/D label semantics were not verified for existing answer keys.
Electromagnet strength variables,9J-electromagnet-strength-variables,assets/webp/9J-electromagnet-strength-variables-notes-v2.webp,assets/webp/9J-electromagnet-strength-variables-blank-v2.webp,integrated in class notes,stored as reserve,note:9J-electromagnets,,Question SVG retained where exact A/B/C/D label semantics were not verified for existing answer keys.
Magnetic field around a bar magnet,9J-magnetic-field-bar-magnet,assets/webp/9J-magnetic-field-bar-magnet-notes-v2.webp,assets/webp/9J-magnetic-field-bar-magnet-blank-v2.webp,integrated in class notes,stored as reserve,note:9J-fields,,Question SVG retained where exact A/B/C/D label semantics were not verified for existing answer keys.
Static electricity and charge transfer,9J-static-electricity-charge-transfer-v2,assets/webp/9J-static-electricity-charge-transfer-v2-notes-v2.webp,assets/webp/9J-static-electricity-charge-transfer-v2-blank-v2.webp,integrated in class notes,stored as reserve,note:9J-static,,Question SVG retained where exact A/B/C/D label semantics were not verified for existing answer keys.
Motor effect and simple electric motor,9J-motor-effect-simple-motor,assets/webp/9J-motor-effect-simple-motor-notes-v2.webp,assets/webp/9J-motor-effect-simple-motor-blank-v2.webp,integrated in class notes,stored as reserve,note:9J-electromagnets,,Question SVG retained where exact A/B/C/D label semantics were not verified for existing answer keys.
Thermal decomposition and gas tests,9F-thermal-decomposition-gas-tests,assets/webp/9F-thermal-decomposition-gas-tests-notes-v2.webp,assets/webp/9F-thermal-decomposition-gas-tests-blank-v2.webp,integrated in class notes,stored as reserve,note:9F-changes,,
"Particle model of solids, liquids and gases",9E-particle-model-states,assets/webp/9E-particle-model-states-notes-v2.webp,assets/webp/9E-particle-model-states-blank-v2.webp,integrated in class notes,stored as reserve,note:9E-heating-cooling,,
Neutralisation reactions,9F-neutralisation-reactions,assets/webp/9F-neutralisation-reactions-notes-v2.webp,assets/webp/9F-neutralisation-reactions-blank-v2.webp,stored as reserve,stored as reserve,,,"Useful workbook/bridge asset, but not broadly wired into active cards unless matching content exists."
"Acids, alkalis and pH scale",9F-acids-alkalis-ph-scale,assets/webp/9F-acids-alkalis-ph-scale-notes-v2.webp,assets/webp/9F-acids-alkalis-ph-scale-blank-v2.webp,stored as reserve,stored as reserve,,,"Useful workbook/bridge asset, but not broadly wired into active cards unless matching content exists."
Quadrat ecosystem sampling,9B-quadrat-ecosystem-sampling,assets/webp/9B-quadrat-ecosystem-sampling-notes-v2.webp,assets/webp/9B-quadrat-ecosystem-sampling-blank-v2.webp,stored as reserve,stored as reserve,,,"Useful workbook/bridge asset, but not broadly wired into active cards unless matching content exists."
Seed dispersal mechanisms,9B-seed-dispersal-mechanisms,assets/webp/9B-seed-dispersal-mechanisms-notes-v2.webp,assets/webp/9B-seed-dispersal-mechanisms-blank-v2.webp,stored as reserve,stored as reserve,,,
Bioaccumulation in a food chain,9B-bioaccumulation-food-chain,assets/webp/9B-bioaccumulation-food-chain-notes-v2.webp,assets/webp/9B-bioaccumulation-food-chain-blank-v2.webp,stored as reserve,stored as reserve,,,"Useful workbook/bridge asset, but not broadly wired into active cards unless matching content exists."
Potential difference in series and parallel circuits,9J-potential-difference-series-parallel,assets/webp/9J-potential-difference-series-parallel-notes-v2.webp,assets/webp/9J-potential-difference-series-parallel-blank-v2.webp,integrated in class notes,stored as reserve,note:9J-circuits,,
"Elements, compounds and mixtures",9F-elements-compounds-mixtures,assets/webp/9F-elements-compounds-mixtures-notes-v2.webp,assets/webp/9F-elements-compounds-mixtures-blank-v2.webp,stored as reserve,stored as reserve,,,
Physical changes vs chemical reactions,9F-physical-change-chemical-reaction,assets/webp/9F-physical-change-chemical-reaction-notes-v2.webp,assets/webp/9F-physical-change-chemical-reaction-blank-v2.webp,integrated in class notes,stored as reserve,note:9F-changes,,
Chromatography and simple distillation,9F-chromatography-distillation,assets/webp/9F-chromatography-distillation-notes-v2.webp,assets/webp/9F-chromatography-distillation-blank-v2.webp,stored as reserve,stored as reserve,,,
Metal extraction methods,9F-metal-extraction-methods,assets/webp/9F-metal-extraction-methods-notes-v2.webp,assets/webp/9F-metal-extraction-methods-blank-v2.webp,integrated in class notes,stored as reserve,note:9F-extraction,,
Group 1 alkali metals,9F-group1-alkali-metals,assets/webp/9F-group1-alkali-metals-notes-v2.webp,assets/webp/9F-group1-alkali-metals-blank-v2.webp,integrated in class notes,stored as reserve,note:9F-periodic-table-bridge,,
Group 7 halogens,9F-group7-halogens,assets/webp/9F-group7-halogens-notes-v2.webp,assets/webp/9F-group7-halogens-blank-v2.webp,integrated in class notes,stored as reserve,note:9F-periodic-table-bridge,,
