note_id,asset,status
9B-food-webs,assets/webp/9B-bioaccumulation-food-chain-notes-v3.webp,added
9B-food-webs,assets/webp/9B-quadrat-ecosystem-sampling-notes-v3.webp,added
9B-plant-products,assets/webp/9B-seed-dispersal-mechanisms-notes-v3.webp,added
9F-periodic-table-bridge,assets/webp/9F-chemical-formulae-counting-atoms-notes-v2.webp,added
9F-periodic-table-bridge,assets/webp/9F-elements-compounds-mixtures-notes-v3.webp,added
9E-heating-cooling,assets/webp/9E-changes-of-state-particle-model-notes-v3.webp,added
9E-heating-cooling,assets/webp/9E-gas-pressure-brownian-motion-notes-v3.webp,added
9E-heating-cooling,assets/webp/9E-brownian-motion-notes-v3.webp,added
9E-heating-cooling,assets/webp/9E-diffusion-liquids-gases-notes-v3.webp,added
9F-changes,assets/webp/9F-balancing-equations-notes-v3.webp,added
9F-changes,assets/webp/9F-neutralisation-reactions-notes-v3.webp,added
9F-changes,assets/webp/9F-acids-alkalis-ph-scale-notes-v3.webp,added
9F-changes,assets/webp/9F-chromatography-distillation-notes-v3.webp,added
9F-extraction,assets/webp/9F-metal-extraction-methods-notes-v3.webp,added
