id,origin,source_card_id,unit,unit_title,learning_objective,learning_objective_title,command,marks,has_media,question
we-bio-state-photosynthesis-equation,curated-visual-bank,,9B,9B Plant growth,,,state,1,no,State the word equation for photosynthesis.
we-bio-identify-glucose-uses,curated-visual-bank,,9B,9B Plant growth,,,identify,3,yes,Use the glucose map. Identify three ways a plant can use glucose.
we-bio-describe-photosynthesis-light-graph,curated-visual-bank,,9B,9B Plant growth,,,describe,3,yes,Use the graph. Describe how light intensity affects the rate of photosynthesis.
we-bio-explain-magnesium-deficiency,curated-visual-bank,,9B,9B Plant growth,,,explain,3,no,Explain why a plant may grow poorly if it does not get enough magnesium ions.
we-bio-describe-natural-selection-giraffes,curated-visual-bank,,9A,9A Genetics and evolution,,,explain,4,yes,Use the giraffe image. Explain how natural selection could lead to longer necks becoming more common over many generations.
we-bio-describe-biodiversity-conservation,curated-visual-bank,,9A,9A Genetics and evolution,,,describe,3,yes,Use the biodiversity diagram. Describe two causes of extinction risk and one way biodiversity can be preserved.
we-bio-explain-farming-method-impact,curated-visual-bank,,9B,9B Plant growth,,,explain,3,yes,Use the farming table. Choose one farming method and explain one benefit and one environmental problem.
we-bio-describe-food-web-pesticide,curated-visual-bank,,9B,9B Plant growth,,,describe,3,yes,Use the food web. Describe what may happen if pesticides reduce the number of insects.
we-bio-explain-bioaccumulation-top-predator,curated-visual-bank,,9B,9B Plant growth,,,explain,3,yes,Use the food-chain diagram. Explain why the top predator has the highest toxin concentration.
we-bio-identify-root-hair-adaptations,curated-visual-bank,,9B,9B Plant growth,,,identify,2,yes,Use the root hair cell diagram. Identify two adaptations that help it absorb water and mineral ions.
we-bio-identify-leaf-transport-features,curated-visual-bank,,9B,9B Plant growth,,,identify,2,yes,Use the plant transport diagram. Identify the tissue that carries water and the opening that lets carbon dioxide enter the leaf.
we-chem-state-neutralisation-products,curated-visual-bank,,9F,9F Reactivity and extraction,,,state,1,no,State the products of a neutralisation reaction between an acid and an alkali.
we-chem-identify-state-symbols,curated-visual-bank,,9E,9E Making materials,,,identify,2,no,Identify what the state symbols (s) and (aq) mean in chemical equations.
we-chem-describe-peer-review-process,curated-visual-bank,,9E,9E Making materials,,,describe,3,yes,Use the peer-review diagram. Describe the peer-review process in science.
we-chem-identify-exothermic-endothermic,curated-visual-bank,,9E,9E Making materials,,,identify,2,yes,Use the two energy-transfer diagrams. Identify which change is exothermic and which is endothermic.
we-chem-describe-displacement-reaction,curated-visual-bank,,9F,9F Reactivity and extraction,,,describe,3,yes,Use the displacement reaction diagram. Describe what happens when magnesium is added to copper sulfate solution.
we-chem-explain-reactivity-extraction,curated-visual-bank,,9F,9F Reactivity and extraction,,,explain,3,yes,Use the reactivity series. Explain why aluminium is extracted by electrolysis but iron can be extracted using carbon.
we-chem-explain-thermite-redox,curated-visual-bank,,9F,9F Reactivity and extraction,,,explain,4,yes,"In the thermite reaction, aluminium reacts with iron oxide to make aluminium oxide and iron. Explain which substance is oxidised and which is reduced."
we-chem-describe-recycling-method,curated-visual-bank,,9E,9E Making materials,,,describe,3,yes,Use the recycling diagram. Describe how one material is recycled and give one benefit of recycling.
we-chem-identify-physical-chemical-change,curated-visual-bank,,9F,9F Reactivity and extraction,,,identify,2,yes,Use the change diagrams. Identify one physical change and one chemical reaction.
we-phys-state-resultant-force,curated-visual-bank,,9I,9I Forces and motion,,,state,1,no,State what is meant by the resultant force on an object.
we-phys-describe-distance-time-graph,curated-visual-bank,,9I,9I Forces and motion,,,describe,3,yes,Use the distance-time graph. Describe the motion shown by the graph.
we-phys-describe-speed-time-graph,curated-visual-bank,,9I,9I Forces and motion,,,describe,3,yes,Use the speed-time graph. Describe the motion shown in the graph.
we-phys-explain-terminal-velocity,curated-visual-bank,,9I,9I Forces and motion,,,explain,4,yes,Use the falling-object sequence. Explain why a falling object reaches terminal velocity.
we-phys-calculate-moment,curated-visual-bank,,9I,9I Forces and motion,,,calculate,2,yes,Use the balanced lever diagram. Calculate the missing distance on the right-hand side.
we-phys-calculate-density-displacement,curated-visual-bank,,9I,9I Forces and motion,,,calculate,3,yes,Use the measuring cylinders. Calculate the density of the object in g/cm³.
we-phys-explain-pressure-contact-area,curated-visual-bank,,9I,9I Forces and motion,,,explain,3,yes,Use the shoe diagrams. Explain which shoe produces the greater pressure on the ground.
we-phys-identify-circuit-meters,curated-visual-bank,,9J,9J Force fields and electromagnets,,,identify,2,yes,Use the circuit diagram. Identify where an ammeter and a voltmeter should be connected.
we-phys-explain-wire-resistance-investigation,curated-visual-bank,,9J,9J Force fields and electromagnets,,,describe,4,yes,Use the practical setup. Describe how to investigate how wire length affects resistance.
we-phys-compare-current-voltage-resistance,curated-visual-bank,,9J,9J Force fields and electromagnets,,,explain,3,yes,Use the current-voltage graph. Explain which component has the greater resistance.
we-phys-explain-static-charge-transfer,curated-visual-bank,,9J,9J Force fields and electromagnets,,,explain,3,yes,Use the static-charge diagram. Explain how one object becomes negatively charged after rubbing.
we-phys-describe-electromagnet-strength,curated-visual-bank,,9J,9J Force fields and electromagnets,,,describe,3,yes,Use the electromagnet diagram. Describe two ways to make the electromagnet stronger and explain one of them.
derived-y9-093-9i-for-a-lever-the-pivot-is-also-called-the,derived-open-answer-card,y9-093-9i-for-a-lever-the-pivot-is-also-called-the,9I,9I Forces and motion,9I-moments,"Levers, pivots and moments",identify,1,yes,"In the labelled lever diagram, what is label Y also called?"
derived-y9-229-9a-describe-what-environmental-variation-is,derived-open-answer-card,y9-229-9a-describe-what-environmental-variation-is,9A,9A Genetics and evolution,9A-variation,Variation and classification,describe,2,no,Describe what environmental variation is.
derived-y9-232-9a-define-classification,derived-open-answer-card,y9-232-9a-define-classification,9A,9A Genetics and evolution,9A-variation,Variation and classification,explain,3,no,Why do scientists classify organisms using similarities and differences?
derived-y9-233-9a-define-species,derived-open-answer-card,y9-233-9a-define-species,9A,9A Genetics and evolution,9A-variation,Variation and classification,explain,3,no,"Two animals can mate, but their offspring are not fertile. Why would scientists not count them as the same species?"
derived-y9-234-9a-explain-how-environmental-variation-can-cause-problems-with-classifica,derived-open-answer-card,y9-234-9a-explain-how-environmental-variation-can-cause-problems-with-classifica,9A,9A Genetics and evolution,9A-variation,Variation and classification,explain,3,no,Explain how environmental variation can cause problems with classification.
derived-y9-235-9a-describe-what-happens-during-fertilisation-and-what-is-formed,derived-open-answer-card,y9-235-9a-describe-what-happens-during-fertilisation-and-what-is-formed,9A,9A Genetics and evolution,9A-variation,Variation and classification,describe,2,no,Describe what happens during fertilisation and what is formed.
derived-y9-236-9a-describe-how-chromosomes-dna-and-genes-are-linked-together,derived-open-answer-card,y9-236-9a-describe-how-chromosomes-dna-and-genes-are-linked-together,9A,9A Genetics and evolution,9A-inheritance,"Inheritance, DNA and genes",describe,2,yes,"Describe how chromosomes, DNA and genes are linked together."
derived-y9-237-9a-state-three-ways-we-can-preserve-biodiversity,derived-open-answer-card,y9-237-9a-state-three-ways-we-can-preserve-biodiversity,9A,9A Genetics and evolution,9A-inheritance,"Inheritance, DNA and genes",state,1,no,State three ways we can preserve biodiversity.
derived-y9-239-9b-state-where-a-plant-gets-the-reactants-it-needs-for-photosynthesis,derived-open-answer-card,y9-239-9b-state-where-a-plant-gets-the-reactants-it-needs-for-photosynthesis,9B,9B Plant growth,9B-plant-transport,Plant transport and specialised cells,state,1,no,State where a plant gets the reactants it needs for photosynthesis.
derived-y9-240-9b-describe-what-happens-to-the-products-of-photosynthesis,derived-open-answer-card,y9-240-9b-describe-what-happens-to-the-products-of-photosynthesis,9B,9B Plant growth,9B-plant-transport,Plant transport and specialised cells,describe,2,no,Describe what happens to the products of photosynthesis.
derived-y9-242-9b-suggest-when-photosynthesis-might-occur-in-plants,derived-open-answer-card,y9-242-9b-suggest-when-photosynthesis-might-occur-in-plants,9B,9B Plant growth,9B-photosynthesis,Photosynthesis and respiration,state,2,no,Suggest when photosynthesis might occur in plants.
derived-y9-243-9b-describe-the-route-water-takes-from-soil-to-a-leaf,derived-open-answer-card,y9-243-9b-describe-the-route-water-takes-from-soil-to-a-leaf,9B,9B Plant growth,9B-plant-transport,Plant transport and specialised cells,describe,2,yes,Describe the route water takes from soil to a leaf.
derived-y9-248-9b-suggest-why-seeds-need-starch,derived-open-answer-card,y9-248-9b-suggest-why-seeds-need-starch,9B,9B Plant growth,9B-plant-products,"Plant products, seeds and food production",explain,3,yes,Suggest why seeds need starch.
derived-y9-249-9e-design-poster-prompt-list-what-a-year-9-poster-on-ceramics-polymers-an,derived-open-answer-card,y9-249-9e-design-poster-prompt-list-what-a-year-9-poster-on-ceramics-polymers-an,9E,9E Making materials,9E-environment,Environmental impacts and recycling,state,1,no,"Design-poster prompt: list what a Year 9 poster on ceramics, polymers and composites should include."
derived-y9-250-9e-explain-how-properties-of-ceramics-link-to-bonding-and-structure,derived-open-answer-card,y9-250-9e-explain-how-properties-of-ceramics-link-to-bonding-and-structure,9E,9E Making materials,9E-ceramics,"Ceramics, crystals and materials properties",explain,3,no,Explain how properties of ceramics link to bonding and structure.
derived-y9-251-9e-explain-why-composites-often-have-better-properties-than-their-separat,derived-open-answer-card,y9-251-9e-explain-why-composites-often-have-better-properties-than-their-separat,9E,9E Making materials,9E-composites,Composites and material choice,explain,3,yes,Explain why composites often have better properties than their separate materials.
derived-y9-252-9e-explain-one-environmental-problem-caused-by-making-materials,derived-open-answer-card,y9-252-9e-explain-one-environmental-problem-caused-by-making-materials,9E,9E Making materials,9E-environment,Environmental impacts and recycling,explain,3,no,Explain one environmental problem caused by making materials.
derived-y9-254-9f-why-is-a-metal-oxide-reduced-when-carbon-extracts-a-metal,derived-open-answer-card,y9-254-9f-why-is-a-metal-oxide-reduced-when-carbon-extracts-a-metal,9F,9F Reactivity and extraction,9F-extraction,Metal extraction and reduction,explain,3,no,Why is a metal oxide reduced when carbon extracts a metal?
derived-y9-255-9f-explain-why-aluminium-is-extracted-by-electrolysis-rather-than-carbon-,derived-open-answer-card,y9-255-9f-explain-why-aluminium-is-extracted-by-electrolysis-rather-than-carbon-,9F,9F Reactivity and extraction,9F-extraction,Metal extraction and reduction,explain,3,no,Explain why aluminium is extracted by electrolysis rather than carbon reduction.
derived-y9-256-9f-explain-why-rusting-is-a-problem-and-name-two-prevention-methods,derived-open-answer-card,y9-256-9f-explain-why-rusting-is-a-problem-and-name-two-prevention-methods,9F,9F Reactivity and extraction,9F-rusting,Rusting and corrosion protection,explain,3,yes,Explain why rusting is a problem and name two prevention methods.
derived-y9-257-9i-describe-how-to-raise-a-large-upright-stone-using-levers-moments-and-r,derived-open-answer-card,y9-257-9i-describe-how-to-raise-a-large-upright-stone-using-levers-moments-and-r,9I,9I Forces and motion,9I-moments,"Levers, pivots and moments",describe,2,yes,"Describe how to raise a large upright stone using levers, moments and ramps."
derived-y9-258-9i-explain-why-a-shallow-ramp-needs-less-force-but-more-distance,derived-open-answer-card,y9-258-9i-explain-why-a-shallow-ramp-needs-less-force-but-more-distance,9I,9I Forces and motion,9I-energy-work,"Energy, work and simple machines",explain,3,no,Explain why a shallow ramp needs less force but more distance.
derived-y9-259-9i-calculate-the-weight-of-a-54-kg-person-on-earth-where-g-10-n-kg,derived-open-answer-card,y9-259-9i-calculate-the-weight-of-a-54-kg-person-on-earth-where-g-10-n-kg,9I,9I Forces and motion,9I-forces,"Forces, drag and terminal velocity",calculate,2,no,Calculate the weight of a 54 kg person on Earth where g = 10 N/kg.
derived-y9-260-9i-a-96-kg-person-is-on-a-planet-where-g-14-n-kg-calculate-weight,derived-open-answer-card,y9-260-9i-a-96-kg-person-is-on-a-planet-where-g-14-n-kg-calculate-weight,9I,9I Forces and motion,9I-forces,"Forces, drag and terminal velocity",calculate,2,no,A 96 kg person is on a planet where g = 14 N/kg. Calculate weight.
derived-y9-261-9i-a-person-weighs-1220-n-on-earth-where-g-10-n-kg-calculate-mass,derived-open-answer-card,y9-261-9i-a-person-weighs-1220-n-on-earth-where-g-10-n-kg-calculate-mass,9I,9I Forces and motion,9I-forces,"Forces, drag and terminal velocity",calculate,2,no,A person weighs 1220 N on Earth where g = 10 N/kg. Calculate mass.
derived-y9-263-9j-how-can-the-strength-of-an-electromagnet-be-increased,derived-open-answer-card,y9-263-9j-how-can-the-strength-of-an-electromagnet-be-increased,9J,9J Force fields and electromagnets,9J-electromagnets,"Electromagnets, relays and motors",explain,3,yes,How can the strength of an electromagnet be increased?
derived-y9-265-9j-describe-the-difference-between-current-and-voltage,derived-open-answer-card,y9-265-9j-describe-the-difference-between-current-and-voltage,9J,9J Force fields and electromagnets,9J-static,Static electricity and charge,describe,2,yes,Describe the difference between current and voltage / potential difference.
derived-y9-266-9j-explain-why-plastic-handles-are-safe-on-electrical-wires,derived-open-answer-card,y9-266-9j-explain-why-plastic-handles-are-safe-on-electrical-wires,9J,9J Force fields and electromagnets,9J-resistance,Resistance and Ohm’s law,explain,3,no,Explain why plastic handles are safe on electrical wires.
derived-y9-267-9j-describe-how-to-test-whether-resistance-depends-on-wire-length,derived-open-answer-card,y9-267-9j-describe-how-to-test-whether-resistance-depends-on-wire-length,9J,9J Force fields and electromagnets,9J-resistance,Resistance and Ohm’s law,describe,2,yes,Describe how to test whether resistance depends on wire length.
derived-y9-273-9i-a-force-of-40-n-moves-a-box-3-m-calculate-work-done,derived-open-answer-card,y9-273-9i-a-force-of-40-n-moves-a-box-3-m-calculate-work-done,9I,9I Forces and motion,9I-energy-work,"Energy, work and simple machines",calculate,2,no,A force of 40 N moves a box 3 m. Calculate work done.
derived-y9-274-9i-a-5-n-force-acts-0-4-m-from-a-pivot-calculate-the-moment,derived-open-answer-card,y9-274-9i-a-5-n-force-acts-0-4-m-from-a-pivot-calculate-the-moment,9I,9I Forces and motion,9I-moments,"Levers, pivots and moments",calculate,2,no,A 5 N force acts 0.4 m from a pivot. Calculate the moment.
derived-y9x-002-9a-outline-why-dinosaurs-became-extinct,derived-open-answer-card,y9x-002-9a-outline-why-dinosaurs-became-extinct,9A,9A Genetics and evolution,9A-variation,Variation and classification,explain,3,no,Outline why dinosaurs became extinct.
derived-y9x-003-9a-use-evidence-to-explain-how-scientists-can-infer-something-about-triceratops-suc,derived-open-answer-card,y9x-003-9a-use-evidence-to-explain-how-scientists-can-infer-something-about-triceratops-suc,9A,9A Genetics and evolution,9A-evolution,"Adaptation, natural selection and evolution",explain,3,no,"Use evidence to explain how scientists can infer something about Triceratops, such as whether it was prey."
derived-y9x-004-9a-identify-examples-of-environmental-variation,derived-open-answer-card,y9x-004-9a-identify-examples-of-environmental-variation,9A,9A Genetics and evolution,9A-variation,Variation and classification,identify,1,no,Identify examples of environmental variation.
derived-y9x-005-9a-identify-examples-of-inherited-variation,derived-open-answer-card,y9x-005-9a-identify-examples-of-inherited-variation,9A,9A Genetics and evolution,9A-inheritance,"Inheritance, DNA and genes",identify,1,no,Identify examples of inherited variation.
derived-y9x-006-9a-explain-how-changes-in-an-ecosystem-can-cause-extinction,derived-open-answer-card,y9x-006-9a-explain-how-changes-in-an-ecosystem-can-cause-extinction,9A,9A Genetics and evolution,9A-biodiversity,"Biodiversity, conservation and extinction",explain,3,yes,Explain how changes in an ecosystem can cause extinction.
derived-y9x-007-9a-identify-adaptations-of-triceratops-that-could-be-labelled-on-a-model,derived-open-answer-card,y9x-007-9a-identify-adaptations-of-triceratops-that-could-be-labelled-on-a-model,9A,9A Genetics and evolution,9A-evolution,"Adaptation, natural selection and evolution",identify,1,yes,Identify adaptations of Triceratops that could be labelled on a model.
derived-y9x-008-9a-explain-how-environmental-variation-is-caused,derived-open-answer-card,y9x-008-9a-explain-how-environmental-variation-is-caused,9A,9A Genetics and evolution,9A-variation,Variation and classification,explain,3,no,Explain how environmental variation is caused.
derived-y9x-009-9a-outline-how-some-variation-is-inherited-from-parents,derived-open-answer-card,y9x-009-9a-outline-how-some-variation-is-inherited-from-parents,9A,9A Genetics and evolution,9A-inheritance,"Inheritance, DNA and genes",describe,2,no,Outline how some variation is inherited from parents.
derived-y9x-010-9a-explain-how-triceratops-adaptations-helped-survival,derived-open-answer-card,y9x-010-9a-explain-how-triceratops-adaptations-helped-survival,9A,9A Genetics and evolution,9A-evolution,"Adaptation, natural selection and evolution",explain,3,no,Explain how Triceratops adaptations helped survival.
derived-y9x-011-9a-identify-and-explain-triceratops-adaptations-beyond-the-obvious-labels,derived-open-answer-card,y9x-011-9a-identify-and-explain-triceratops-adaptations-beyond-the-obvious-labels,9A,9A Genetics and evolution,9A-evolution,"Adaptation, natural selection and evolution",explain,3,yes,Identify and explain Triceratops adaptations beyond the obvious labels.
derived-y9x-012-9a-describe-the-relationship-between-cells-nuclei-chromosomes-genes-dna-and-genetic,derived-open-answer-card,y9x-012-9a-describe-the-relationship-between-cells-nuclei-chromosomes-genes-dna-and-genetic,9A,9A Genetics and evolution,9A-inheritance,"Inheritance, DNA and genes",describe,2,yes,"Describe the relationship between cells, nuclei, chromosomes, genes, DNA and genetic information."
derived-y9x-013-9a-describe-how-variation-in-adaptations-affects-survival-within-a-species,derived-open-answer-card,y9x-013-9a-describe-how-variation-in-adaptations-affects-survival-within-a-species,9A,9A Genetics and evolution,9A-inheritance,"Inheritance, DNA and genes",describe,2,no,Describe how variation in adaptations affects survival within a species.
derived-y9x-015-9a-explain-how-natural-selection-works,derived-open-answer-card,y9x-015-9a-explain-how-natural-selection-works,9A,9A Genetics and evolution,9A-inheritance,"Inheritance, DNA and genes",explain,3,no,Explain how natural selection works.
derived-y9x-021-9b-describe-photosynthesis-in-terms-of-reactants-products-and-energy-source,derived-open-answer-card,y9x-021-9b-describe-photosynthesis-in-terms-of-reactants-products-and-energy-source,9B,9B Plant growth,9B-photosynthesis,Photosynthesis and respiration,describe,2,no,"Describe photosynthesis in terms of reactants, products and energy source."
derived-y9x-022-9b-explain-how-leaves-roots-and-stems-help-photosynthesis,derived-open-answer-card,y9x-022-9b-explain-how-leaves-roots-and-stems-help-photosynthesis,9B,9B Plant growth,9B-plant-transport,Plant transport and specialised cells,explain,3,yes,"Explain how leaves, roots and stems help photosynthesis."
derived-y9x-025-9b-explain-how-fertilisers-help-crop-plants-grow-well,derived-open-answer-card,y9x-025-9b-explain-how-fertilisers-help-crop-plants-grow-well,9B,9B Plant growth,9B-plant-products,"Plant products, seeds and food production",explain,3,yes,Explain how fertilisers help crop plants grow well.
derived-y9x-027-9b-explain-what-happens-when-plants-lack-water-or-mineral-salts,derived-open-answer-card,y9x-027-9b-explain-what-happens-when-plants-lack-water-or-mineral-salts,9B,9B Plant growth,9B-plant-transport,Plant transport and specialised cells,explain,3,no,Explain what happens when plants lack water or mineral salts.
derived-y9x-029-9b-explain-that-chlorophyll-traps-energy-transferred-by-light,derived-open-answer-card,y9x-029-9b-explain-that-chlorophyll-traps-energy-transferred-by-light,9B,9B Plant growth,9B-photosynthesis,Photosynthesis and respiration,explain,3,no,Explain that chlorophyll traps energy transferred by light.
derived-y9x-030-9b-explain-how-farming-can-change-the-carbon-cycle,derived-open-answer-card,y9x-030-9b-explain-how-farming-can-change-the-carbon-cycle,9B,9B Plant growth,9B-plant-products,"Plant products, seeds and food production",explain,3,yes,Explain how farming can change the carbon cycle.
derived-y9x-031-9b-explain-problems-caused-by-fertilisers-including-effects-on-fish-in-lakes,derived-open-answer-card,y9x-031-9b-explain-problems-caused-by-fertilisers-including-effects-on-fish-in-lakes,9B,9B Plant growth,9B-plant-products,"Plant products, seeds and food production",explain,3,no,"Explain problems caused by fertilisers, including effects on fish in lakes."
derived-y9x-032-9b-explain-problems-caused-by-pesticides-including-persistent-insecticides,derived-open-answer-card,y9x-032-9b-explain-problems-caused-by-pesticides-including-persistent-insecticides,9B,9B Plant growth,9B-food-webs,"Food webs, biodiversity and ecosystems",explain,3,no,"Explain problems caused by pesticides, including persistent insecticides."
derived-y9x-033-9b-describe-how-limiting-factors-stop-photosynthesis-rate-increasing,derived-open-answer-card,y9x-033-9b-describe-how-limiting-factors-stop-photosynthesis-rate-increasing,9B,9B Plant growth,9B-photosynthesis,Photosynthesis and respiration,describe,2,yes,Describe how limiting factors stop photosynthesis rate increasing.
derived-y9x-034-9e-name-common-conductors-and-insulators,derived-open-answer-card,y9x-034-9e-name-common-conductors-and-insulators,9E,9E Making materials,9E-polymers,Polymers and polymerisation,state,1,yes,Name common conductors and insulators.
derived-y9x-036-9e-name-examples-of-ceramic-polymer-and-composite-materials,derived-open-answer-card,y9x-036-9e-name-examples-of-ceramic-polymer-and-composite-materials,9E,9E Making materials,9E-polymers,Polymers and polymerisation,state,1,no,"Name examples of ceramic, polymer and composite materials."
derived-y9x-038-9e-describe-the-difference-between-biodegradable-and-non-biodegradable-polymers,derived-open-answer-card,y9x-038-9e-describe-the-difference-between-biodegradable-and-non-biodegradable-polymers,9E,9E Making materials,9E-polymers,Polymers and polymerisation,describe,2,no,Describe the difference between biodegradable and non-biodegradable polymers.
derived-y9x-039-9e-describe-pollution-problems-caused-by-burning-fossil-fuels,derived-open-answer-card,y9x-039-9e-describe-pollution-problems-caused-by-burning-fossil-fuels,9E,9E Making materials,9E-environment,Environmental impacts and recycling,describe,2,no,Describe pollution problems caused by burning fossil fuels.
derived-y9x-040-9e-describe-what-a-composite-material-is,derived-open-answer-card,y9x-040-9e-describe-what-a-composite-material-is,9E,9E Making materials,9E-composites,Composites and material choice,describe,2,yes,Describe what a composite material is.
derived-y9x-042-9e-explain-the-causes-and-problems-of-acid-rain-and-the-greenhouse-effect,derived-open-answer-card,y9x-042-9e-explain-the-causes-and-problems-of-acid-rain-and-the-greenhouse-effect,9E,9E Making materials,9E-environment,Environmental impacts and recycling,explain,3,yes,Explain the causes and problems of acid rain and the greenhouse effect.
derived-y9x-043-9e-link-uses-of-ceramics-polymers-and-composites-to-their-properties,derived-open-answer-card,y9x-043-9e-link-uses-of-ceramics-polymers-and-composites-to-their-properties,9E,9E Making materials,9E-polymers,Polymers and polymerisation,describe,3,yes,"Link uses of ceramics, polymers and composites to their properties."
derived-y9x-044-9e-describe-how-polymers-are-formed-from-monomers,derived-open-answer-card,y9x-044-9e-describe-how-polymers-are-formed-from-monomers,9E,9E Making materials,9E-polymers,Polymers and polymerisation,describe,2,yes,Describe how polymers are formed from monomers.
derived-y9x-045-9e-identify-thermal-decomposition-reactions,derived-open-answer-card,y9x-045-9e-identify-thermal-decomposition-reactions,9E,9E Making materials,9E-ceramics,"Ceramics, crystals and materials properties",identify,1,yes,Identify thermal decomposition reactions.
derived-y9x-046-9e-explain-advantages-of-recycling-with-specific-examples,derived-open-answer-card,y9x-046-9e-explain-advantages-of-recycling-with-specific-examples,9E,9E Making materials,9E-environment,Environmental impacts and recycling,explain,3,yes,Explain advantages of recycling with specific examples.
derived-y9x-047-9e-justify-using-a-ceramic-polymer-or-composite-for-a-particular-use,derived-open-answer-card,y9x-047-9e-justify-using-a-ceramic-polymer-or-composite-for-a-particular-use,9E,9E Making materials,9E-polymers,Polymers and polymerisation,explain,2,no,"Justify using a ceramic, polymer or composite for a particular use."
derived-y9x-048-9e-explain-how-crystal-size-depends-on-cooling-speed,derived-open-answer-card,y9x-048-9e-explain-how-crystal-size-depends-on-cooling-speed,9E,9E Making materials,9E-ceramics,"Ceramics, crystals and materials properties",explain,3,no,Explain how crystal size depends on cooling speed.
derived-y9x-049-9e-explain-how-properties-of-a-material-depend-on-bonding-and-structure,derived-open-answer-card,y9x-049-9e-explain-how-properties-of-a-material-depend-on-bonding-and-structure,9E,9E Making materials,9E-ceramics,"Ceramics, crystals and materials properties",explain,3,no,Explain how properties of a material depend on bonding and structure.
derived-y9x-050-9e-classify-exothermic-and-endothermic-reactions-by-temperature-change-and-energy-t,derived-open-answer-card,y9x-050-9e-classify-exothermic-and-endothermic-reactions-by-temperature-change-and-energy-t,9E,9E Making materials,9E-ceramics,"Ceramics, crystals and materials properties",identify,2,yes,Classify exothermic and endothermic reactions by temperature change and energy transfer.
derived-y9x-051-9e-explain-biomagnification-of-toxins-through-food-chains,derived-open-answer-card,y9x-051-9e-explain-biomagnification-of-toxins-through-food-chains,9E,9E Making materials,9E-ceramics,"Ceramics, crystals and materials properties",explain,3,yes,Explain biomagnification of toxins through food chains.
derived-y9x-052-9e-suggest-ways-to-reduce-global-warming-and-acid-rain-impacts,derived-open-answer-card,y9x-052-9e-suggest-ways-to-reduce-global-warming-and-acid-rain-impacts,9E,9E Making materials,9E-environment,Environmental impacts and recycling,explain,3,yes,Suggest ways to reduce global warming and acid rain impacts.
derived-y9x-053-9f-describe-what-causes-rusting,derived-open-answer-card,y9x-053-9f-describe-what-causes-rusting,9F,9F Reactivity and extraction,9F-rusting,Rusting and corrosion protection,describe,2,yes,Describe what causes rusting.
derived-y9x-054-9f-describe-one-simple-method-of-preventing-rusting,derived-open-answer-card,y9x-054-9f-describe-one-simple-method-of-preventing-rusting,9F,9F Reactivity and extraction,9F-rusting,Rusting and corrosion protection,describe,2,yes,Describe one simple method of preventing rusting.
derived-y9x-055-9f-explain-why-rusting-is-a-problem,derived-open-answer-card,y9x-055-9f-explain-why-rusting-is-a-problem,9F,9F Reactivity and extraction,9F-rusting,Rusting and corrosion protection,explain,3,yes,Explain why rusting is a problem.
derived-y9x-056-9f-use-scientific-words-to-explain-how-iron-rusts,derived-open-answer-card,y9x-056-9f-use-scientific-words-to-explain-how-iron-rusts,9F,9F Reactivity and extraction,9F-rusting,Rusting and corrosion protection,explain,3,yes,Use scientific words to explain how iron rusts.
derived-y9x-057-9f-explain-why-iron-or-steel-is-used-for-a-purpose-because-of-its-properties,derived-open-answer-card,y9x-057-9f-explain-why-iron-or-steel-is-used-for-a-purpose-because-of-its-properties,9F,9F Reactivity and extraction,9F-extraction,Metal extraction and reduction,explain,3,no,Explain why iron or steel is used for a purpose because of its properties.
derived-y9x-058-9f-describe-how-iron-ore-is-obtained-from-mining,derived-open-answer-card,y9x-058-9f-describe-how-iron-ore-is-obtained-from-mining,9F,9F Reactivity and extraction,9F-extraction,Metal extraction and reduction,describe,2,no,Describe how iron ore is obtained from mining.
derived-y9x-061-9f-explain-how-metal-reactivity-determines-extraction-method,derived-open-answer-card,y9x-061-9f-explain-how-metal-reactivity-determines-extraction-method,9F,9F Reactivity and extraction,9F-extraction,Metal extraction and reduction,explain,3,yes,Explain how metal reactivity determines extraction method.
derived-y9x-062-9f-explain-why-energy-needs-and-cost-matter-when-selecting-extraction-methods,derived-open-answer-card,y9x-062-9f-explain-why-energy-needs-and-cost-matter-when-selecting-extraction-methods,9F,9F Reactivity and extraction,9F-extraction,Metal extraction and reduction,explain,3,no,Explain why energy needs and cost matter when selecting extraction methods.
derived-y9x-063-9f-describe-sacrificial-protection-for-preventing-rusting,derived-open-answer-card,y9x-063-9f-describe-sacrificial-protection-for-preventing-rusting,9F,9F Reactivity and extraction,9F-rusting,Rusting and corrosion protection,describe,2,yes,Describe sacrificial protection for preventing rusting.
derived-y9x-064-9f-explain-how-sacrificial-protection-prevents-rusting-and-link-this-to-the-reactiv,derived-open-answer-card,y9x-064-9f-explain-how-sacrificial-protection-prevents-rusting-and-link-this-to-the-reactiv,9F,9F Reactivity and extraction,9F-rusting,Rusting and corrosion protection,explain,3,yes,Explain how sacrificial protection prevents rusting and link this to the reactivity series.
derived-y9x-065-9f-explain-why-certain-metals-are-used-for-sacrificial-protection,derived-open-answer-card,y9x-065-9f-explain-why-certain-metals-are-used-for-sacrificial-protection,9F,9F Reactivity and extraction,9F-rusting,Rusting and corrosion protection,explain,3,yes,Explain why certain metals are used for sacrificial protection.
derived-y9x-066-9f-explain-other-reactions-taking-place-in-a-blast-furnace,derived-open-answer-card,y9x-066-9f-explain-other-reactions-taking-place-in-a-blast-furnace,9F,9F Reactivity and extraction,9F-extraction,Metal extraction and reduction,explain,3,no,Explain other reactions taking place in a blast furnace.
derived-y9x-067-9f-use-balanced-equations-to-represent-reactions,derived-open-answer-card,y9x-067-9f-use-balanced-equations-to-represent-reactions,9F,9F Reactivity and extraction,9F-changes,Physical and chemical changes,explain,2,no,Use balanced equations to represent reactions.
derived-y9x-069-9i-recall-units-for-speed-and-explain-what-speed-means,derived-open-answer-card,y9x-069-9i-recall-units-for-speed-and-explain-what-speed-means,9I,9I Forces and motion,9I-speed,Speed and distance-time graphs,explain,3,no,Recall units for speed and explain what speed means.
derived-y9x-070-9i-explain-how-distance-and-time-affect-speed,derived-open-answer-card,y9x-070-9i-explain-how-distance-and-time-affect-speed,9I,9I Forces and motion,9I-speed,Speed and distance-time graphs,explain,3,no,Explain how distance and time affect speed.
derived-y9x-072-9i-describe-levers-ramps-and-pulleys-and-how-they-help-move-loads,derived-open-answer-card,y9x-072-9i-describe-levers-ramps-and-pulleys-and-how-they-help-move-loads,9I,9I Forces and motion,9I-moments,"Levers, pivots and moments",describe,2,yes,"Describe levers, ramps and pulleys and how they help move loads."
derived-y9x-073-9i-explain-how-levers-ramps-or-pulleys-could-raise-or-lift-stones,derived-open-answer-card,y9x-073-9i-explain-how-levers-ramps-or-pulleys-could-raise-or-lift-stones,9I,9I Forces and motion,9I-moments,"Levers, pivots and moments",explain,3,yes,"Explain how levers, ramps or pulleys could raise or lift stones."
derived-y9x-075-9i-explain-why-simple-machines-do-not-mean-less-energy-is-needed,derived-open-answer-card,y9x-075-9i-explain-why-simple-machines-do-not-mean-less-energy-is-needed,9I,9I Forces and motion,9I-energy-work,"Energy, work and simple machines",explain,3,no,Explain why simple machines do not mean less energy is needed.
derived-y9x-076-9i-represent-part-of-a-journey-on-a-distance-time-graph,derived-open-answer-card,y9x-076-9i-represent-part-of-a-journey-on-a-distance-time-graph,9I,9I Forces and motion,9I-speed,Speed and distance-time graphs,graph,3,yes,Represent part of a journey on a distance-time graph.
derived-y9x-078-9i-explain-the-effect-of-friction-on-force-needed-to-move-a-load,derived-open-answer-card,y9x-078-9i-explain-the-effect-of-friction-on-force-needed-to-move-a-load,9I,9I Forces and motion,9I-energy-work,"Energy, work and simple machines",explain,3,no,Explain the effect of friction on force needed to move a load.
derived-y9x-079-9i-explain-why-friction-usually-means-more-energy-is-needed-with-a-simple-machine,derived-open-answer-card,y9x-079-9i-explain-why-friction-usually-means-more-energy-is-needed-with-a-simple-machine,9I,9I Forces and motion,9I-energy-work,"Energy, work and simple machines",explain,3,no,Explain why friction usually means more energy is needed with a simple machine.
derived-y9x-080-9i-explain-how-ramp-angle-affects-friction-and-required-force-using-force-component,derived-open-answer-card,y9x-080-9i-explain-how-ramp-angle-affects-friction-and-required-force-using-force-component,9I,9I Forces and motion,9I-energy-work,"Energy, work and simple machines",explain,3,no,Explain how ramp angle affects friction and required force using force components.
derived-y9x-081-9b-describe-what-gas-exchange-is-and-why-it-needs-to-occur-in-plants,derived-open-answer-card,y9x-081-9b-describe-what-gas-exchange-is-and-why-it-needs-to-occur-in-plants,9B,9B Plant growth,9B-plant-transport,Plant transport and specialised cells,explain,3,no,Describe what gas exchange is and why it needs to occur in plants.
derived-y9x-082-9b-describe-how-a-leaf-is-adapted-so-palisade-cells-get-the-resources-they-need,derived-open-answer-card,y9x-082-9b-describe-how-a-leaf-is-adapted-so-palisade-cells-get-the-resources-they-need,9B,9B Plant growth,9B-plant-transport,Plant transport and specialised cells,describe,2,no,Describe how a leaf is adapted so palisade cells get the resources they need.
derived-y9x-083-9b-describe-why-starch-in-chloroplasts-is-broken-down,derived-open-answer-card,y9x-083-9b-describe-why-starch-in-chloroplasts-is-broken-down,9B,9B Plant growth,9B-plant-transport,Plant transport and specialised cells,explain,3,no,Describe why starch in chloroplasts is broken down.
derived-y9x-084-9b-suggest-when-starch-is-broken-down-in-chloroplasts-and-explain-why,derived-open-answer-card,y9x-084-9b-suggest-when-starch-is-broken-down-in-chloroplasts-and-explain-why,9B,9B Plant growth,9B-plant-products,"Plant products, seeds and food production",explain,3,no,Suggest when starch is broken down in chloroplasts and explain why.
derived-y9x-085-9b-explain-why-plants-do-not-grow-well-if-the-soil-lacks-nitrates,derived-open-answer-card,y9x-085-9b-explain-why-plants-do-not-grow-well-if-the-soil-lacks-nitrates,9B,9B Plant growth,9B-plant-products,"Plant products, seeds and food production",explain,3,no,Explain why plants do not grow well if the soil lacks nitrates.
derived-y9x-086-9b-put-the-main-stages-of-germination-into-a-logical-order,derived-open-answer-card,y9x-086-9b-put-the-main-stages-of-germination-into-a-logical-order,9B,9B Plant growth,9B-plant-products,"Plant products, seeds and food production",describe,3,yes,Put the main stages of germination into a logical order.
derived-y9x-087-9b-list-three-substances-found-in-seeds-and-explain-their-functions,derived-open-answer-card,y9x-087-9b-list-three-substances-found-in-seeds-and-explain-their-functions,9B,9B Plant growth,9B-plant-products,"Plant products, seeds and food production",explain,3,yes,List three substances found in seeds and explain their functions.
derived-y9x-091-9b-explain-why-phosphates-and-potassium-are-important-nutrients-for-plants,derived-open-answer-card,y9x-091-9b-explain-why-phosphates-and-potassium-are-important-nutrients-for-plants,9B,9B Plant growth,9B-photosynthesis,Photosynthesis and respiration,explain,3,no,Explain why phosphates and potassium are important nutrients for plants.
derived-y9x-092-9b-define-biodiversity,derived-open-answer-card,y9x-092-9b-define-biodiversity,9B,9B Plant growth,9B-food-webs,"Food webs, biodiversity and ecosystems",explain,2,no,A pesticide reduces the number of insect species living in a field. What has happened to biodiversity in that area?
derived-y9x-093-9b-describe-how-sampling-can-estimate-biodiversity-in-a-field,derived-open-answer-card,y9x-093-9b-describe-how-sampling-can-estimate-biodiversity-in-a-field,9B,9B Plant growth,9B-food-webs,"Food webs, biodiversity and ecosystems",describe,2,yes,Describe how sampling can estimate biodiversity in a field.
derived-y9x-095-9b-label-the-main-processes-in-the-carbon-cycle,derived-open-answer-card,y9x-095-9b-label-the-main-processes-in-the-carbon-cycle,9B,9B Plant growth,9B-photosynthesis,Photosynthesis and respiration,identify,1,yes,Label the main processes in the carbon cycle.
derived-y9x-096-9b-explain-how-farming-affects-the-carbon-cycle,derived-open-answer-card,y9x-096-9b-explain-how-farming-affects-the-carbon-cycle,9B,9B Plant growth,9B-plant-products,"Plant products, seeds and food production",explain,3,yes,Explain how farming affects the carbon cycle.
derived-y9x-097-9b-give-advantages-and-disadvantages-of-clearing-land-for-farming,derived-open-answer-card,y9x-097-9b-give-advantages-and-disadvantages-of-clearing-land-for-farming,9B,9B Plant growth,9B-plant-products,"Plant products, seeds and food production",state,1,yes,Give advantages and disadvantages of clearing land for farming.
derived-y9x-098-9b-give-advantages-and-disadvantages-of-insecticides-and-herbicides,derived-open-answer-card,y9x-098-9b-give-advantages-and-disadvantages-of-insecticides-and-herbicides,9B,9B Plant growth,9B-plant-products,"Plant products, seeds and food production",state,1,yes,Give advantages and disadvantages of insecticides and herbicides.
derived-y9x-099-9b-give-advantages-and-disadvantages-of-fertilisers,derived-open-answer-card,y9x-099-9b-give-advantages-and-disadvantages-of-fertilisers,9B,9B Plant growth,9B-plant-products,"Plant products, seeds and food production",state,1,yes,Give advantages and disadvantages of fertilisers.
derived-y9x-101-9j-state-where-electrons-are-found-in-an-atom,derived-open-answer-card,y9x-101-9j-state-where-electrons-are-found-in-an-atom,9J,9J Force fields and electromagnets,9J-static,Static electricity and charge,state,1,no,State where electrons are found in an atom.
derived-y9x-103-9j-explain-why-only-negative-charges-transfer-onto-an-insulating-material,derived-open-answer-card,y9x-103-9j-explain-why-only-negative-charges-transfer-onto-an-insulating-material,9J,9J Force fields and electromagnets,9J-static,Static electricity and charge,explain,3,yes,Explain why only negative charges transfer onto an insulating material.
derived-y9x-104-9j-explain-why-a-rubbed-polythene-rod-has-an-overall-negative-charge,derived-open-answer-card,y9x-104-9j-explain-why-a-rubbed-polythene-rod-has-an-overall-negative-charge,9J,9J Force fields and electromagnets,9J-static,Static electricity and charge,explain,3,yes,Explain why a rubbed polythene rod has an overall negative charge.
derived-y9x-105-9j-describe-how-charged-objects-attract-or-repel-each-other,derived-open-answer-card,y9x-105-9j-describe-how-charged-objects-attract-or-repel-each-other,9J,9J Force fields and electromagnets,9J-static,Static electricity and charge,describe,2,yes,Describe how charged objects attract or repel each other.
derived-y9x-109-9j-describe-how-to-increase-resistance-in-a-circuit,derived-open-answer-card,y9x-109-9j-describe-how-to-increase-resistance-in-a-circuit,9J,9J Force fields and electromagnets,9J-resistance,Resistance and Ohm’s law,describe,2,no,Describe how to increase resistance in a circuit.
derived-y9x-111-9j-explain-which-wire-has-higher-resistance-a-long-thin-wire-or-a-short-thick-wire-,derived-open-answer-card,y9x-111-9j-explain-which-wire-has-higher-resistance-a-long-thin-wire-or-a-short-thick-wire-,9J,9J Force fields and electromagnets,9J-resistance,Resistance and Ohm’s law,explain,3,no,Explain which wire has higher resistance: a long thin wire or a short thick wire of the same material.
derived-y9x-112-9j-explain-how-a-current-voltage-graph-shows-which-resistor-has-the-higher-resistan,derived-open-answer-card,y9x-112-9j-explain-how-a-current-voltage-graph-shows-which-resistor-has-the-higher-resistan,9J,9J Force fields and electromagnets,9J-resistance,Resistance and Ohm’s law,explain,3,yes,Explain how a current–voltage graph shows which resistor has the higher resistance.
derived-y9x-113-9j-plan-an-investigation-into-how-wire-thickness-affects-resistance,derived-open-answer-card,y9x-113-9j-plan-an-investigation-into-how-wire-thickness-affects-resistance,9J,9J Force fields and electromagnets,9J-resistance,Resistance and Ohm’s law,describe,4,yes,Plan an investigation into how wire thickness affects resistance.
derived-y9x-114-9j-explain-why-copper-is-commonly-used-for-wires-in-circuits,derived-open-answer-card,y9x-114-9j-explain-why-copper-is-commonly-used-for-wires-in-circuits,9J,9J Force fields and electromagnets,9J-resistance,Resistance and Ohm’s law,explain,3,no,Explain why copper is commonly used for wires in circuits.
derived-y9x-115-9j-describe-how-current-behaves-in-series-and-parallel-circuits,derived-open-answer-card,y9x-115-9j-describe-how-current-behaves-in-series-and-parallel-circuits,9J,9J Force fields and electromagnets,9J-circuits,"Current, voltage and circuits",describe,2,yes,Describe how current behaves in series and parallel circuits.
derived-y9x-116-9j-describe-how-voltage-behaves-in-series-and-parallel-circuits,derived-open-answer-card,y9x-116-9j-describe-how-voltage-behaves-in-series-and-parallel-circuits,9J,9J Force fields and electromagnets,9J-circuits,"Current, voltage and circuits",describe,2,yes,Describe how voltage / potential difference behaves in series and parallel circuits.
derived-y9x-117-9j-explain-the-difference-between-an-electromagnet-and-a-bar-magnet,derived-open-answer-card,y9x-117-9j-explain-the-difference-between-an-electromagnet-and-a-bar-magnet,9J,9J Force fields and electromagnets,9J-electromagnets,"Electromagnets, relays and motors",explain,3,yes,Explain the difference between an electromagnet and a bar magnet.
derived-y9x-118-9j-predict-how-changing-current-magnetic-field-strength-or-current-direction-affect,derived-open-answer-card,y9x-118-9j-predict-how-changing-current-magnetic-field-strength-or-current-direction-affect,9J,9J Force fields and electromagnets,9J-electromagnets,"Electromagnets, relays and motors",describe,3,yes,"Predict how changing current, magnetic field strength or current direction affects a motor."
derived-y9x-124-9j-drax-has-mass-122-kg-on-a-planet-where-g-7-5-n-kg-calculate-his-weight,derived-open-answer-card,y9x-124-9j-drax-has-mass-122-kg-on-a-planet-where-g-7-5-n-kg-calculate-his-weight,9J,9J Force fields and electromagnets,9J-fields,"Force fields, gravity and magnetism",calculate,2,no,Drax has mass 122 kg on a planet where g = 7.5 N/kg. Calculate his weight.
derived-y9x-126-9j-rocket-has-mass-47-kg-on-a-planet-where-g-22-8-n-kg-calculate-his-weight,derived-open-answer-card,y9x-126-9j-rocket-has-mass-47-kg-on-a-planet-where-g-22-8-n-kg-calculate-his-weight,9J,9J Force fields and electromagnets,9J-fields,"Force fields, gravity and magnetism",calculate,2,no,Rocket has mass 47 kg on a planet where g = 22.8 N/kg. Calculate his weight.
derived-y9x-128-9j-mantis-has-mass-56-kg-and-weight-686-n-on-a-planet-calculate-g,derived-open-answer-card,y9x-128-9j-mantis-has-mass-56-kg-and-weight-686-n-on-a-planet-calculate-g,9J,9J Force fields and electromagnets,9J-fields,"Force fields, gravity and magnetism",calculate,2,no,Mantis has mass 56 kg and weight 686 N on a planet. Calculate g.
derived-y9x-129-9j-groot-has-mass-34-kg-on-a-planet-where-g-6-8-n-kg-calculate-his-weight,derived-open-answer-card,y9x-129-9j-groot-has-mass-34-kg-on-a-planet-where-g-6-8-n-kg-calculate-his-weight,9J,9J Force fields and electromagnets,9J-fields,"Force fields, gravity and magnetism",calculate,2,no,Groot has mass 34 kg on a planet where g = 6.8 N/kg. Calculate his weight.
derived-y9x-131-9j-oberon-has-about-1-3-times-the-mass-of-rhea-but-a-similar-diameter-which-moon-ha,derived-open-answer-card,y9x-131-9j-oberon-has-about-1-3-times-the-mass-of-rhea-but-a-similar-diameter-which-moon-ha,9J,9J Force fields and electromagnets,9J-fields,"Force fields, gravity and magnetism",identify,2,no,Oberon has about 1.3 times the mass of Rhea but a similar diameter. Which moon has greater surface gravity?
derived-y9x-139-9i-a-river-section-is-40-km-and-the-stones-move-at-3-km-h-calculate-the-time-taken,derived-open-answer-card,y9x-139-9i-a-river-section-is-40-km-and-the-stones-move-at-3-km-h-calculate-the-time-taken,9I,9I Forces and motion,9I-speed,Speed and distance-time graphs,calculate,2,no,A river section is 40 km and the stones move at 3 km/h. Calculate the time taken.
derived-y9x-142-9i-a-moment-of-120-n-m-is-needed-using-a-lever-2-m-from-the-pivot-calculate-the-for,derived-open-answer-card,y9x-142-9i-a-moment-of-120-n-m-is-needed-using-a-lever-2-m-from-the-pivot-calculate-the-for,9I,9I Forces and motion,9I-moments,"Levers, pivots and moments",calculate,2,no,A moment of 120 N m is needed using a lever 2 m from the pivot. Calculate the force.
derived-y9x-144-9i-a-ramp-requires-1500-j-of-work-over-5-m-calculate-the-average-force,derived-open-answer-card,y9x-144-9i-a-ramp-requires-1500-j-of-work-over-5-m-calculate-the-average-force,9I,9I Forces and motion,9I-energy-work,"Energy, work and simple machines",calculate,2,no,A ramp requires 1500 J of work over 5 m. Calculate the average force.
derived-y9x-138-9j-match-common-circuit-symbols-to-their-component-names,derived-open-answer-card,y9x-138-9j-match-common-circuit-symbols-to-their-component-names,9J,9J Force fields and electromagnets,9J-circuits,"Current, voltage and circuits",identify,4,yes,"Use the circuit symbol grid. Match labels A–H to these components: cell, battery, open switch, closed switch, lamp, resistor, ammeter and voltmeter."
derived-y9x-148-9j-compare-current-and-voltage-in-the-two-circuits,derived-open-answer-card,y9x-148-9j-compare-current-and-voltage-in-the-two-circuits,9J,9J Force fields and electromagnets,9J-circuits,"Current, voltage and circuits",describe,4,yes,Use the circuit diagrams. Compare how current and voltage behave in Circuit A and Circuit B.
derived-y9x-153-9j-use-the-charge-pair-diagram-identify-which-pairs-repel-and-which-attract,derived-open-answer-card,y9x-153-9j-use-the-charge-pair-diagram-identify-which-pairs-repel-and-which-attract,9J,9J Force fields and electromagnets,9J-static,Static electricity and charge,identify,1,yes,Use the charge-pair diagram. Identify which labelled pairs repel and which labelled pairs attract.
derived-y9x-154-9j-use-the-charge-transfer-diagram-what-particle-has-moved-and-what-charge-does-the-rod-gain,derived-open-answer-card,y9x-154-9j-use-the-charge-transfer-diagram-what-particle-has-moved-and-what-charge-does-the-rod-gain,9J,9J Force fields and electromagnets,9J-static,Static electricity and charge,identify,2,yes,"Use the charge-transfer diagram. What particle has moved, and what overall charge does the rod gain?"
derived-y9x-155-9j-use-the-electromagnet-diagram-match-labels-a-to-d-to-the-coil-core-cell-and-switch,derived-open-answer-card,y9x-155-9j-use-the-electromagnet-diagram-match-labels-a-to-d-to-the-coil-core-cell-and-switch,9J,9J Force fields and electromagnets,9J-electromagnets,"Electromagnets, relays and motors",identify,4,yes,"Use the electromagnet diagram. Match labels A–D to the coil of wire, iron core, cell/battery and switch."
derived-y9x-157-9j-use-the-relay-diagram-match-labels-a-to-d-to-control-circuit-electromagnet-switch-and-load,derived-open-answer-card,y9x-157-9j-use-the-relay-diagram-match-labels-a-to-d-to-control-circuit-electromagnet-switch-and-load,9J,9J Force fields and electromagnets,9J-electromagnets,"Electromagnets, relays and motors",identify,4,yes,"Use the relay diagram. Match labels A–D to the control circuit, electromagnet, switch contacts and load/lamp."
derived-y9x-158-9j-use-the-relay-diagram-explain-why-a-relay-is-useful,derived-open-answer-card,y9x-158-9j-use-the-relay-diagram-explain-why-a-relay-is-useful,9J,9J Force fields and electromagnets,9J-electromagnets,"Electromagnets, relays and motors",explain,3,yes,Use the relay diagram. Explain why a relay is useful in an electrical system.
derived-y9r-002-9b-why-is-land-cleared-of-hedges-and-trees-in-modern-farming,derived-open-answer-card,y9r-002-9b-why-is-land-cleared-of-hedges-and-trees-in-modern-farming,9B,9B Plant growth,9B-farming-yield-impact,"Farming yield, benefits and environmental problems",state,1,yes,A farmer clears hedges and trees from a field. Give one benefit for farming and one environmental problem this can cause.
derived-y9r-003-9b-what-problem-can-be-caused-by-clearing-hedges-and-trees,derived-open-answer-card,y9r-003-9b-what-problem-can-be-caused-by-clearing-hedges-and-trees,9B,9B Plant growth,9B-farming-yield-impact,"Farming yield, benefits and environmental problems",state,2,no,What problem can be caused by clearing hedges and trees?
derived-y9r-004-9b-why-are-pesticides-used-on-crops,derived-open-answer-card,y9r-004-9b-why-are-pesticides-used-on-crops,9B,9B Plant growth,9B-farming-yield-impact,"Farming yield, benefits and environmental problems",explain,3,no,Why are pesticides used on crops?
derived-y9r-005-9b-what-problem-can-pesticides-cause,derived-open-answer-card,y9r-005-9b-what-problem-can-pesticides-cause,9B,9B Plant growth,9B-farming-yield-impact,"Farming yield, benefits and environmental problems",state,2,yes,What problem can pesticides cause?
derived-y9r-006-9b-why-are-fertilisers-used,derived-open-answer-card,y9r-006-9b-why-are-fertilisers-used,9B,9B Plant growth,9B-farming-yield-impact,"Farming yield, benefits and environmental problems",explain,3,no,Why are fertilisers used?
derived-y9r-007-9b-what-problem-can-fertilisers-cause-if-they-wash-into-streams-and-rivers,derived-open-answer-card,y9r-007-9b-what-problem-can-fertilisers-cause-if-they-wash-into-streams-and-rivers,9B,9B Plant growth,9B-farming-yield-impact,"Farming yield, benefits and environmental problems",explain,2,yes,Fertiliser washes from a field into a stream. What problem can this cause?
derived-y9r-008-9b-what-is-the-problem-with-planting-huge-areas-of-a-single-variety,derived-open-answer-card,y9r-008-9b-what-is-the-problem-with-planting-huge-areas-of-a-single-variety,9B,9B Plant growth,9B-farming-yield-impact,"Farming yield, benefits and environmental problems",state,1,no,What is the problem with planting huge areas of a single variety?
derived-y9r-010-9b-what-happens-to-the-energy-released-from-glucose-in-aerobic-respiration,derived-open-answer-card,y9r-010-9b-what-happens-to-the-energy-released-from-glucose-in-aerobic-respiration,9B,9B Plant growth,9B-photosynthesis,Photosynthesis and respiration,describe,2,no,What happens to the energy released from glucose in aerobic respiration?
derived-y9r-012-9b-where-does-most-photosynthesis-happen-in-leaves,derived-open-answer-card,y9r-012-9b-where-does-most-photosynthesis-happen-in-leaves,9B,9B Plant growth,9B-photosynthesis,Photosynthesis and respiration,identify,2,no,Where does most photosynthesis happen in leaves?
derived-y9r-013-9e-what-do-exothermic-reactions-do-to-the-surroundings,derived-open-answer-card,y9r-013-9e-what-do-exothermic-reactions-do-to-the-surroundings,9E,9E Making materials,9E-energy-thermal-peer-review,"Energy changes, thermal decomposition and peer review",state,2,yes,What do exothermic reactions do to the surroundings?
derived-y9r-014-9e-what-do-endothermic-reactions-do-to-the-surroundings,derived-open-answer-card,y9r-014-9e-what-do-endothermic-reactions-do-to-the-surroundings,9E,9E Making materials,9E-energy-thermal-peer-review,"Energy changes, thermal decomposition and peer review",state,2,yes,What do endothermic reactions do to the surroundings?
derived-y9r-015-9e-give-an-example-of-an-endothermic-reaction-from-the-revision-sheet,derived-open-answer-card,y9r-015-9e-give-an-example-of-an-endothermic-reaction-from-the-revision-sheet,9E,9E Making materials,9E-energy-thermal-peer-review,"Energy changes, thermal decomposition and peer review",state,1,no,Give an example of an endothermic reaction from the revision sheet.
derived-y9r-016-9e-what-do-the-state-symbols-s-l-g-and-aq-mean,derived-open-answer-card,y9r-016-9e-what-do-the-state-symbols-s-l-g-and-aq-mean,9E,9E Making materials,9E-energy-thermal-peer-review,"Energy changes, thermal decomposition and peer review",state,1,no,"What do the state symbols s, l, g and aq mean?"
derived-y9r-017-9e-what-is-made-when-calcium-carbonate-thermally-decomposes,derived-open-answer-card,y9r-017-9e-what-is-made-when-calcium-carbonate-thermally-decomposes,9E,9E Making materials,9E-energy-thermal-peer-review,"Energy changes, thermal decomposition and peer review",state,1,no,What is made when calcium carbonate thermally decomposes?
derived-y9r-018-9e-in-peer-review-what-do-scientists-check-in-a-paper,derived-open-answer-card,y9r-018-9e-in-peer-review-what-do-scientists-check-in-a-paper,9E,9E Making materials,9E-energy-thermal-peer-review,"Energy changes, thermal decomposition and peer review",state,3,no,"In peer review, what do scientists check in a paper?"
derived-y9r-019-9e-after-peer-review-what-can-a-paper-be-recommended-for,derived-open-answer-card,y9r-019-9e-after-peer-review-what-can-a-paper-be-recommended-for,9E,9E Making materials,9E-energy-thermal-peer-review,"Energy changes, thermal decomposition and peer review",state,3,no,"After peer review, what can a paper be recommended for?"
derived-y9r-020-9e-how-are-metals-recycled-according-to-the-revision-sheet,derived-open-answer-card,y9r-020-9e-how-are-metals-recycled-according-to-the-revision-sheet,9E,9E Making materials,9E-recycling-methods,Recycling methods by material,describe,2,yes,"How are metals recycled, according to the revision sheet?"
derived-y9r-021-9e-how-is-glass-recycled-according-to-the-revision-sheet,derived-open-answer-card,y9r-021-9e-how-is-glass-recycled-according-to-the-revision-sheet,9E,9E Making materials,9E-recycling-methods,Recycling methods by material,describe,2,yes,"How is glass recycled, according to the revision sheet?"
derived-y9r-022-9e-how-is-paper-recycled-according-to-the-revision-sheet,derived-open-answer-card,y9r-022-9e-how-is-paper-recycled-according-to-the-revision-sheet,9E,9E Making materials,9E-recycling-methods,Recycling methods by material,describe,2,yes,"How is paper recycled, according to the revision sheet?"
derived-y9r-023-9e-how-is-concrete-recycled-according-to-the-revision-sheet,derived-open-answer-card,y9r-023-9e-how-is-concrete-recycled-according-to-the-revision-sheet,9E,9E Making materials,9E-recycling-methods,Recycling methods by material,describe,2,no,"How is concrete recycled, according to the revision sheet?"
derived-y9r-024-9e-give-two-reasons-why-recycling-materials-to-use-again-is-useful,derived-open-answer-card,y9r-024-9e-give-two-reasons-why-recycling-materials-to-use-again-is-useful,9E,9E Making materials,9E-environment,Environmental impacts and recycling,explain,3,yes,Give two reasons why recycling materials to use again is useful.
derived-y9r-025-9e-what-is-biomagnification,derived-open-answer-card,y9r-025-9e-what-is-biomagnification,9E,9E Making materials,9E-environment,Environmental impacts and recycling,explain,3,yes,"A toxin is eaten by small animals, and then many small animals are eaten by a predator. Why can toxin levels become highest in the predator?"
derived-y9r-026-9f-in-reactions-and-physical-changes-what-happens-to-the-number-of-atoms,derived-open-answer-card,y9r-026-9f-in-reactions-and-physical-changes-what-happens-to-the-number-of-atoms,9F,9F Reactivity and extraction,9F-changes,Physical and chemical changes,explain,3,yes,Why is there no overall change in mass in a reaction or physical change?
derived-y9r-027-9f-what-do-the-large-numbers-in-an-equation-show,derived-open-answer-card,y9r-027-9f-what-do-the-large-numbers-in-an-equation-show,9F,9F Reactivity and extraction,9F-changes,Physical and chemical changes,identify,1,no,What do the large numbers in an equation show?
derived-y9r-028-9f-what-do-the-letters-in-brackets-in-an-equation-show,derived-open-answer-card,y9r-028-9f-what-do-the-letters-in-brackets-in-an-equation-show,9F,9F Reactivity and extraction,9F-changes,Physical and chemical changes,identify,2,no,What do the letters in brackets in an equation show?
derived-y9r-029-9f-what-does-an-atom-contain,derived-open-answer-card,y9r-029-9f-what-does-an-atom-contain,9F,9F Reactivity and extraction,9F-atomic-structure-periodic-table,Atomic structure and the periodic table,state,1,no,What does an atom contain?
derived-y9r-030-9f-what-is-the-atomic-number-or-proton-number,derived-open-answer-card,y9r-030-9f-what-is-the-atomic-number-or-proton-number,9F,9F Reactivity and extraction,9F-atomic-structure-periodic-table,Atomic structure and the periodic table,state,1,no,What is the atomic number or proton number?
derived-y9r-031-9f-how-are-elements-arranged-in-the-periodic-table,derived-open-answer-card,y9r-031-9f-how-are-elements-arranged-in-the-periodic-table,9F,9F Reactivity and extraction,9F-atomic-structure-periodic-table,Atomic structure and the periodic table,describe,2,no,How are elements arranged in the periodic table?
derived-y9r-032-9f-what-is-the-mass-number-of-an-atom,derived-open-answer-card,y9r-032-9f-what-is-the-mass-number-of-an-atom,9F,9F Reactivity and extraction,9F-atomic-structure-periodic-table,Atomic structure and the periodic table,state,1,no,What is the mass number of an atom?
derived-y9r-033-9f-what-are-groups-and-periods-in-the-periodic-table,derived-open-answer-card,y9r-033-9f-what-are-groups-and-periods-in-the-periodic-table,9F,9F Reactivity and extraction,9F-atomic-structure-periodic-table,Atomic structure and the periodic table,state,1,no,What are groups and periods in the periodic table?
derived-y9r-034-9f-what-do-metals-that-react-with-water-produce,derived-open-answer-card,y9r-034-9f-what-do-metals-that-react-with-water-produce,9F,9F Reactivity and extraction,9F-reactivity,Reactivity and displacement,state,2,yes,What do metals that react with water produce?
derived-y9r-035-9f-what-do-metals-that-react-with-dilute-acids-produce,derived-open-answer-card,y9r-035-9f-what-do-metals-that-react-with-dilute-acids-produce,9F,9F Reactivity and extraction,9F-reactivity,Reactivity and displacement,state,2,yes,What do metals that react with dilute acids produce?
derived-y9r-036-9f-what-is-an-oxidation-reaction-in-the-reactivity-series-section,derived-open-answer-card,y9r-036-9f-what-is-an-oxidation-reaction-in-the-reactivity-series-section,9F,9F Reactivity and extraction,9F-reactivity,Reactivity and displacement,state,1,no,What is an oxidation reaction in the reactivity-series section?
derived-y9r-038-9f-what-is-the-word-equation-for-complete-combustion-of-a-hydrocarbon,derived-open-answer-card,y9r-038-9f-what-is-the-word-equation-for-complete-combustion-of-a-hydrocarbon,9F,9F Reactivity and extraction,9F-combustion-energy-rates,"Combustion, energy, rates and redox",state,1,yes,What is the word equation for complete combustion of a hydrocarbon?
derived-y9r-040-9f-why-is-an-input-of-energy-from-a-flame-or-spark-needed-to-start-combustion,derived-open-answer-card,y9r-040-9f-why-is-an-input-of-energy-from-a-flame-or-spark-needed-to-start-combustion,9F,9F Reactivity and extraction,9F-combustion-energy-rates,"Combustion, energy, rates and redox",explain,3,yes,Why is an input of energy from a flame or spark needed to start combustion?
derived-y9r-041-9f-what-increases-the-rate-of-reaction-according-to-the-revision-sheet,derived-open-answer-card,y9r-041-9f-what-increases-the-rate-of-reaction-according-to-the-revision-sheet,9F,9F Reactivity and extraction,9F-combustion-energy-rates,"Combustion, energy, rates and redox",state,1,yes,A student wants a reaction to happen faster. Give three changes from the revision sheet that could increase the rate.
derived-y9r-043-9f-where-do-most-metals-occur,derived-open-answer-card,y9r-043-9f-where-do-most-metals-occur,9F,9F Reactivity and extraction,9F-extraction,Metal extraction and reduction,state,2,no,Where do most metals occur?
derived-y9r-044-9f-which-metals-can-be-extracted-from-their-ores-by-heating-with-carbon,derived-open-answer-card,y9r-044-9f-which-metals-can-be-extracted-from-their-ores-by-heating-with-carbon,9F,9F Reactivity and extraction,9F-extraction,Metal extraction and reduction,identify,1,yes,A metal is zinc or below zinc in the reactivity series. Which extraction method can be used?
derived-y9r-045-9f-which-metals-need-electrolysis-to-extract-them-from-their-ores,derived-open-answer-card,y9r-045-9f-which-metals-need-electrolysis-to-extract-them-from-their-ores,9F,9F Reactivity and extraction,9F-extraction,Metal extraction and reduction,explain,3,yes,A metal is above zinc in the reactivity series. Why is electrolysis needed to extract it from its ore?
derived-y9r-047-9i-what-can-forces-make-objects-do,derived-open-answer-card,y9r-047-9i-what-can-forces-make-objects-do,9I,9I Forces and motion,9I-forces,"Forces, drag and terminal velocity",state,3,no,What can forces make objects do?
derived-y9r-049-9i-what-happens-to-air-resistance-as-a-falling-object-gets-faster,derived-open-answer-card,y9r-049-9i-what-happens-to-air-resistance-as-a-falling-object-gets-faster,9I,9I Forces and motion,9I-forces,"Forces, drag and terminal velocity",describe,2,yes,What happens to air resistance as a falling object gets faster?
derived-y9r-050-9i-what-has-happened-when-a-falling-object-reaches-terminal-velocity,derived-open-answer-card,y9r-050-9i-what-has-happened-when-a-falling-object-reaches-terminal-velocity,9I,9I Forces and motion,9I-forces,"Forces, drag and terminal velocity",explain,2,yes,A falling object is moving at terminal velocity. What has happened to air resistance and weight?
derived-y9r-051-9i-how-do-you-convert-a-speed-in-m-s-to-km-h,derived-open-answer-card,y9r-051-9i-how-do-you-convert-a-speed-in-m-s-to-km-h,9I,9I Forces and motion,9I-speed,Speed and distance-time graphs,explain,3,no,How do you convert a speed in m/s to km/h?
derived-y9r-052-9i-how-do-you-convert-a-speed-in-km-h-to-m-s,derived-open-answer-card,y9r-052-9i-how-do-you-convert-a-speed-in-km-h-to-m-s,9I,9I Forces and motion,9I-speed,Speed and distance-time graphs,explain,3,no,How do you convert a speed in km/h to m/s?
derived-y9r-053-9i-what-is-mean-speed,derived-open-answer-card,y9r-053-9i-what-is-mean-speed,9I,9I Forces and motion,9I-speed,Speed and distance-time graphs,state,1,no,What is mean speed?
derived-y9r-054-9i-what-is-the-relative-speed-of-a-car-travelling-at-50-km-h-compared-to-one-t,derived-open-answer-card,y9r-054-9i-what-is-the-relative-speed-of-a-car-travelling-at-50-km-h-compared-to-one-t,9I,9I Forces and motion,9I-speed,Speed and distance-time graphs,calculate,2,no,One car travels at 50 km/h and another travels at 30 km/h in the same direction. What is the relative speed?
derived-y9r-055-9i-what-does-a-speed-time-graph-show,derived-open-answer-card,y9r-055-9i-what-does-a-speed-time-graph-show,9I,9I Forces and motion,9I-speed-time-graphs,Speed-time graphs and motion calculations,graph,3,yes,What does a speed-time graph show?
derived-y9r-056-9i-what-do-horizontal-lines-show-on-a-speed-time-graph,derived-open-answer-card,y9r-056-9i-what-do-horizontal-lines-show-on-a-speed-time-graph,9I,9I Forces and motion,9I-speed-time-graphs,Speed-time graphs and motion calculations,graph,3,yes,What do horizontal lines show on a speed-time graph?
derived-y9r-057-9i-what-do-sloping-lines-show-on-a-speed-time-graph,derived-open-answer-card,y9r-057-9i-what-do-sloping-lines-show-on-a-speed-time-graph,9I,9I Forces and motion,9I-speed-time-graphs,Speed-time graphs and motion calculations,graph,3,yes,What do sloping lines show on a speed-time graph?
derived-y9r-058-9i-on-a-distance-time-graph-what-does-the-gradient-of-a-line-give,derived-open-answer-card,y9r-058-9i-on-a-distance-time-graph-what-does-the-gradient-of-a-line-give,9I,9I Forces and motion,9I-speed,Speed and distance-time graphs,graph,3,yes,"On a distance-time graph, what does the gradient of a line give?"
derived-y9r-062-9i-what-is-true-when-an-object-is-balanced,derived-open-answer-card,y9r-062-9i-what-is-true-when-an-object-is-balanced,9I,9I Forces and motion,9I-moments,"Levers, pivots and moments",state,1,yes,What is true when an object is balanced?
derived-y9r-064-9i-what-is-the-formula-for-work-done,derived-open-answer-card,y9r-064-9i-what-is-the-formula-for-work-done,9I,9I Forces and motion,9I-energy-work,"Energy, work and simple machines",state,1,no,What is the formula for work done?
derived-y9r-065-9j-what-is-a-force-field,derived-open-answer-card,y9r-065-9j-what-is-a-force-field,9J,9J Force fields and electromagnets,9J-fields,"Force fields, gravity and magnetism",state,1,yes,What is a force field?
derived-y9r-068-9j-in-an-electric-field-diagram-what-do-the-arrows-show,derived-open-answer-card,y9r-068-9j-in-an-electric-field-diagram-what-do-the-arrows-show,9J,9J Force fields and electromagnets,9J-static,Static electricity and charge,identify,1,yes,"In an electric field diagram, what do the arrows show?"
derived-y9r-069-9j-what-is-current,derived-open-answer-card,y9r-069-9j-what-is-current,9J,9J Force fields and electromagnets,9J-circuits,"Current, voltage and circuits",state,1,no,What is current?
derived-y9r-070-9j-how-do-we-measure-current,derived-open-answer-card,y9r-070-9j-how-do-we-measure-current,9J,9J Force fields and electromagnets,9J-circuits,"Current, voltage and circuits",explain,3,no,How do we measure current?
derived-y9r-073-9j-if-resistance-stays-the-same-what-happens-when-voltage-is-higher,derived-open-answer-card,y9r-073-9j-if-resistance-stays-the-same-what-happens-when-voltage-is-higher,9J,9J Force fields and electromagnets,9J-resistance,Resistance and Ohm’s law,explain,2,no,"A component has the same resistance, but the voltage across it is increased. What happens to the current?"
derived-y9r-074-9j-if-voltage-stays-the-same-what-happens-when-resistance-is-higher,derived-open-answer-card,y9r-074-9j-if-voltage-stays-the-same-what-happens-when-resistance-is-higher,9J,9J Force fields and electromagnets,9J-resistance,Resistance and Ohm’s law,explain,2,no,"A circuit has the same voltage, but the resistance is increased. What happens to the current?"
derived-y9r-075-9j-what-three-things-does-the-resistance-of-a-wire-depend-on,derived-open-answer-card,y9r-075-9j-what-three-things-does-the-resistance-of-a-wire-depend-on,9J,9J Force fields and electromagnets,9J-wire-resistance-investigation,Wire resistance investigations,state,3,yes,What three things does the resistance of a wire depend on?
derived-y9r-076-9j-how-does-wire-length-affect-resistance,derived-open-answer-card,y9r-076-9j-how-does-wire-length-affect-resistance,9J,9J Force fields and electromagnets,9J-wire-resistance-investigation,Wire resistance investigations,explain,3,yes,How does wire length affect resistance?
derived-y9r-077-9j-how-does-wire-thickness-affect-resistance,derived-open-answer-card,y9r-077-9j-how-does-wire-thickness-affect-resistance,9J,9J Force fields and electromagnets,9J-wire-resistance-investigation,Wire resistance investigations,explain,3,yes,How does wire thickness affect resistance?
derived-y9r-078-9j-what-is-the-formula-for-calculating-resistance-from-voltage-and-current,derived-open-answer-card,y9r-078-9j-what-is-the-formula-for-calculating-resistance-from-voltage-and-current,9J,9J Force fields and electromagnets,9J-resistance,Resistance and Ohm’s law,state,1,no,What is the formula for calculating resistance from voltage and current?
derived-y9r-080-9j-when-is-an-electromagnet-magnetic,derived-open-answer-card,y9r-080-9j-when-is-an-electromagnet-magnetic,9J,9J Force fields and electromagnets,9J-electromagnets,"Electromagnets, relays and motors",state,1,yes,When is an electromagnet magnetic?
derived-y9r-081-9j-give-three-ways-to-make-an-electromagnet-stronger,derived-open-answer-card,y9r-081-9j-give-three-ways-to-make-an-electromagnet-stronger,9J,9J Force fields and electromagnets,9J-electromagnets,"Electromagnets, relays and motors",state,1,yes,Give three ways to make an electromagnet stronger.
derived-y9r-084-9j-what-makes-the-coil-in-an-electric-motor-turn,derived-open-answer-card,y9r-084-9j-what-makes-the-coil-in-an-electric-motor-turn,9J,9J Force fields and electromagnets,9J-electromagnets,"Electromagnets, relays and motors",explain,2,yes,What makes the coil in an electric motor turn?
derived-y9r-085-9j-how-can-the-speed-of-the-motor-or-the-force-it-provides-be-increased,derived-open-answer-card,y9r-085-9j-how-can-the-speed-of-the-motor-or-the-force-it-provides-be-increased,9J,9J Force fields and electromagnets,9J-electromagnets,"Electromagnets, relays and motors",explain,3,yes,"How can the speed of the motor, or the force it provides, be increased?"
derived-y9p-003-9a-give-three-examples-of-living-or-biotic-factors-from-the-revision-sheet,derived-open-answer-card,y9p-003-9a-give-three-examples-of-living-or-biotic-factors-from-the-revision-sheet,9A,9A Genetics and evolution,9A-variation,Variation and classification,state,1,no,Give three examples of living or biotic factors from the revision sheet.
derived-y9p-005-9a-what-forms-an-ecosystem,derived-open-answer-card,y9p-005-9a-what-forms-an-ecosystem,9A,9A Genetics and evolution,9A-variation,Variation and classification,state,2,yes,What forms an ecosystem?
derived-y9p-006-9a-how-can-probabilities-be-shown-in-inheritance-questions,derived-open-answer-card,y9p-006-9a-how-can-probabilities-be-shown-in-inheritance-questions,9A,9A Genetics and evolution,9A-inheritance,"Inheritance, DNA and genes",explain,3,no,How can probabilities be shown in inheritance questions?
derived-y9p-010-9f-what-is-a-thermite-reaction,derived-open-answer-card,y9p-010-9f-what-is-a-thermite-reaction,9F,9F Reactivity and extraction,9F-reactivity,Reactivity and displacement,state,1,no,What is a thermite reaction?
derived-y9p-012-9f-in-the-thermite-reaction-which-metal-displaces-iron,derived-open-answer-card,y9p-012-9f-in-the-thermite-reaction-which-metal-displaces-iron,9F,9F Reactivity and extraction,9F-reactivity,Reactivity and displacement,identify,1,no,"In the thermite reaction, which metal displaces iron?"
derived-y9p-014-9f-what-energy-supply-do-thermal-decomposition-reactions-need-to-keep-going,derived-open-answer-card,y9p-014-9f-what-energy-supply-do-thermal-decomposition-reactions-need-to-keep-going,9F,9F Reactivity and extraction,9F-combustion-energy-rates,"Combustion, energy, rates and redox",state,1,no,What energy supply do thermal decomposition reactions need to keep going?
derived-y9p-022-9j-how-do-you-find-the-number-of-decimal-places-in-a-number,derived-open-answer-card,y9p-022-9j-how-do-you-find-the-number-of-decimal-places-in-a-number,9J,9J Force fields and electromagnets,9J-rounding-numbers,Rounding numbers and significant figures,explain,3,no,How do you find the number of decimal places in a number?
derived-y9p-023-9j-what-is-the-first-significant-figure-in-a-number,derived-open-answer-card,y9p-023-9j-what-is-the-first-significant-figure-in-a-number,9J,9J Force fields and electromagnets,9J-rounding-numbers,Rounding numbers and significant figures,state,1,no,What is the first significant figure in a number?
derived-y9p-025-9j-in-the-number-3-407-how-many-decimal-places-are-there,derived-open-answer-card,y9p-025-9j-in-the-number-3-407-how-many-decimal-places-are-there,9J,9J Force fields and electromagnets,9J-rounding-numbers,Rounding numbers and significant figures,calculate,1,no,"In the number 3.407, how many decimal places are there?"
derived-y9p-026-9j-in-the-number-0-0632-what-is-the-first-significant-figure,derived-open-answer-card,y9p-026-9j-in-the-number-0-0632-what-is-the-first-significant-figure,9J,9J Force fields and electromagnets,9J-rounding-numbers,Rounding numbers and significant figures,identify,1,no,"In the number 0.0632, what is the first significant figure?"
derived-y9p-027-9j-round-42-786-to-one-decimal-place,derived-open-answer-card,y9p-027-9j-round-42-786-to-one-decimal-place,9J,9J Force fields and electromagnets,9J-rounding-numbers,Rounding numbers and significant figures,calculate,1,no,Round 42.786 to one decimal place.
derived-y9p-028-9j-round-42-786-to-two-decimal-places,derived-open-answer-card,y9p-028-9j-round-42-786-to-two-decimal-places,9J,9J Force fields and electromagnets,9J-rounding-numbers,Rounding numbers and significant figures,calculate,1,no,Round 42.786 to two decimal places.
derived-y9p-029-9j-round-0-0632-to-one-significant-figure,derived-open-answer-card,y9p-029-9j-round-0-0632-to-one-significant-figure,9J,9J Force fields and electromagnets,9J-rounding-numbers,Rounding numbers and significant figures,calculate,1,no,Round 0.0632 to one significant figure.
derived-y9p-030-9j-round-0-0632-to-two-significant-figures,derived-open-answer-card,y9p-030-9j-round-0-0632-to-two-significant-figures,9J,9J Force fields and electromagnets,9J-rounding-numbers,Rounding numbers and significant figures,calculate,1,no,Round 0.0632 to two significant figures.
derived-y9qb-001-9b-farming-benefit-problem-compare,derived-open-answer-card,y9qb-001-9b-farming-benefit-problem-compare,9B,9B Plant growth,9B-farming-yield-impact,"Farming yield, benefits and environmental problems",explain,3,yes,A farmer uses fertilisers and pesticides to increase crop yield. Explain one benefit and one possible problem for each method.
derived-y9qb-002-9e-thermal-decomposition-state-symbols,derived-open-answer-card,y9qb-002-9e-thermal-decomposition-state-symbols,9E,9E Making materials,9E-energy-thermal-peer-review,"Energy changes, thermal decomposition and peer review",state,1,no,Calcium carbonate thermally decomposes. Name the two products and give the state symbol meaning for gas.
derived-y9qb-003-9f-redox-thermite-application,derived-open-answer-card,y9qb-003-9f-redox-thermite-application,9F,9F Reactivity and extraction,9F-combustion-energy-rates,"Combustion, energy, rates and redox",explain,3,no,"In the thermite reaction, aluminium reacts with iron oxide to form aluminium oxide and iron. Which substance is reduced, and why?"
derived-y9qb-004-9i-moments-balanced-application,derived-open-answer-card,y9qb-004-9i-moments-balanced-application,9I,9I Forces and motion,9I-moments,"Levers, pivots and moments",calculate,2,no,"A 20 N force acts 0.5 m from a pivot. What moment does it produce, and what equal opposite moment is needed for balance?"
derived-y9qb-005-9j-wire-resistance-investigation-variables,derived-open-answer-card,y9qb-005-9j-wire-resistance-investigation-variables,9J,9J Force fields and electromagnets,9J-resistance,Resistance and Ohm’s law,identify,1,yes,"In a wire-resistance investigation, which variables should be controlled if you are testing how length affects resistance?"
derived-y9cgp-006-I-pressure-describe-how-liquid-pressure-changes-with-depth,derived-open-answer-card,y9cgp-006-I-pressure-describe-how-liquid-pressure-changes-with-depth,9I,9I Forces and motion,9I-pressure,"Pressure, density and floating",describe,2,yes,Describe how liquid pressure changes with depth.
derived-y9cgp-007-I-pressure-why-does-a-dam-wall-need-to-be-stronger-near-the-bottom,derived-open-answer-card,y9cgp-007-I-pressure-why-does-a-dam-wall-need-to-be-stronger-near-the-bottom,9I,9I Forces and motion,9I-pressure,"Pressure, density and floating",explain,3,yes,Why does a dam wall need to be stronger near the bottom?
derived-y9cgp-010-I-pressure-why-can-a-large-ship-float-even-though-it-is-made-from-dense,derived-open-answer-card,y9cgp-010-I-pressure-why-can-a-large-ship-float-even-though-it-is-made-from-dense,9I,9I Forces and motion,9I-pressure,"Pressure, density and floating",explain,3,yes,Why can a large ship float even though it is made from dense metal?
derived-y9cgp-011-I-pressure-what-does-it-mean-if-an-object-floats,derived-open-answer-card,y9cgp-011-I-pressure-what-does-it-mean-if-an-object-floats,9I,9I Forces and motion,9I-pressure,"Pressure, density and floating",state,1,yes,What does it mean if an object floats?
derived-y9cgp-013-I-pressure-why-do-snowshoes-help-a-person-walk-on-soft-snow,derived-open-answer-card,y9cgp-013-I-pressure-why-do-snowshoes-help-a-person-walk-on-soft-snow,9I,9I Forces and motion,9I-pressure,"Pressure, density and floating",explain,3,yes,Why do snowshoes help a person walk on soft snow?
derived-y9cgp-014-I-pressure-a-block-underwater-has-equal-sized-top-and-bottom-faces-expl,derived-open-answer-card,y9cgp-014-I-pressure-a-block-underwater-has-equal-sized-top-and-bottom-faces-expl,9I,9I Forces and motion,9I-pressure,"Pressure, density and floating",explain,3,yes,A block underwater has equal-sized top and bottom faces. Explain why water can produce an upward resultant force on it.
derived-y9cgp-015-I-pressure-correct-the-misconception-liquid-pressure-at-the-bottom-depe,derived-open-answer-card,y9cgp-015-I-pressure-correct-the-misconception-liquid-pressure-at-the-bottom-depe,9I,9I Forces and motion,9I-pressure,"Pressure, density and floating",explain,2,yes,Correct the misconception: “Liquid pressure at the bottom depends mainly on container width.”
derived-y9cgp-048-E-heating-cooling-what-happens-to-particles-in-a-solid-when-it-is-heated,derived-open-answer-card,y9cgp-048-E-heating-cooling-what-happens-to-particles-in-a-solid-when-it-is-heated,9E,9E Making materials,9E-heating-cooling,Heating and cooling,describe,2,yes,What happens to particles in a solid when it is heated?
derived-y9cgp-049-E-heating-cooling-what-happens-to-particles-in-a-hot-object-as-it-cools,derived-open-answer-card,y9cgp-049-E-heating-cooling-what-happens-to-particles-in-a-hot-object-as-it-cools,9E,9E Making materials,9E-heating-cooling,Heating and cooling,describe,2,yes,What happens to particles in a hot object as it cools?
derived-y9cgp-053-E-heating-cooling-why-does-a-metal-spoon-in-hot-soup-become-hot-quickly,derived-open-answer-card,y9cgp-053-E-heating-cooling-why-does-a-metal-spoon-in-hot-soup-become-hot-quickly,9E,9E Making materials,9E-heating-cooling,Heating and cooling,explain,3,yes,Why does a metal spoon in hot soup become hot quickly?
derived-y9cgp-054-E-heating-cooling-why-does-a-plastic-handle-help-protect-your-hand-from-a-hot-,derived-open-answer-card,y9cgp-054-E-heating-cooling-why-does-a-plastic-handle-help-protect-your-hand-from-a-hot-,9E,9E Making materials,9E-heating-cooling,Heating and cooling,explain,3,yes,Why does a plastic handle help protect your hand from a hot pan?
derived-y9cgp-055-E-heating-cooling-what-does-a-cooling-curve-show,derived-open-answer-card,y9cgp-055-E-heating-cooling-what-does-a-cooling-curve-show,9E,9E Making materials,9E-heating-cooling,Heating and cooling,state,1,yes,What does a cooling curve show?
derived-y9cgp-056-E-heating-cooling-why-does-a-very-hot-drink-cool-faster-at-first-than-later,derived-open-answer-card,y9cgp-056-E-heating-cooling-why-does-a-very-hot-drink-cool-faster-at-first-than-later,9E,9E Making materials,9E-heating-cooling,Heating and cooling,explain,3,yes,Why does a very hot drink cool faster at first than later?
derived-y9cgp-057-E-heating-cooling-correct-the-misconception-energy-disappears-when-an-object-c,derived-open-answer-card,y9cgp-057-E-heating-cooling-correct-the-misconception-energy-disappears-when-an-object-c,9E,9E Making materials,9E-heating-cooling,Heating and cooling,explain,2,yes,Correct the misconception: “Energy disappears when an object cools.”
derived-y9cgp-059-E-heating-cooling-explain-why-insulation-does-not-make-heat-it-helps-keep-some,derived-open-answer-card,y9cgp-059-E-heating-cooling-explain-why-insulation-does-not-make-heat-it-helps-keep-some,9E,9E Making materials,9E-heating-cooling,Heating and cooling,explain,3,yes,Explain why insulation does not “make heat”; it helps keep something warm.
derived-y9cgp-067-F-periodic-table-bridge-where-are-metals-usually-found-in-the-periodic-table,derived-open-answer-card,y9cgp-067-F-periodic-table-bridge-where-are-metals-usually-found-in-the-periodic-table,9F,9F Reactivity and extraction,9F-periodic-table-bridge,Periodic table bridge,identify,1,yes,Where are metals usually found in the periodic table?
derived-y9cgp-069-F-periodic-table-bridge-give-two-general-properties-of-non-metals,derived-open-answer-card,y9cgp-069-F-periodic-table-bridge-give-two-general-properties-of-non-metals,9F,9F Reactivity and extraction,9F-periodic-table-bridge,Periodic table bridge,state,1,no,Give two general properties of non-metals.
derived-y9cgp-071-F-periodic-table-bridge-describe-the-reactivity-trend-down-group-1,derived-open-answer-card,y9cgp-071-F-periodic-table-bridge-describe-the-reactivity-trend-down-group-1,9F,9F Reactivity and extraction,9F-periodic-table-bridge,Periodic table bridge,describe,2,no,Describe the reactivity trend down Group 1.
derived-y9cgp-073-F-periodic-table-bridge-describe-the-reactivity-trend-down-group-7,derived-open-answer-card,y9cgp-073-F-periodic-table-bridge-describe-the-reactivity-trend-down-group-7,9F,9F Reactivity and extraction,9F-periodic-table-bridge,Periodic table bridge,describe,2,no,Describe the reactivity trend down Group 7.
derived-y9cgp-076-E-climate-bridge-what-causes-the-natural-greenhouse-effect,derived-open-answer-card,y9cgp-076-E-climate-bridge-what-causes-the-natural-greenhouse-effect,9E,9E Making materials,9E-climate-bridge,Climate and greenhouse gases,explain,2,yes,What causes the natural greenhouse effect?
derived-y9cgp-077-E-climate-bridge-why-can-extra-greenhouse-gases-increase-global-temperature,derived-open-answer-card,y9cgp-077-E-climate-bridge-why-can-extra-greenhouse-gases-increase-global-temperature,9E,9E Making materials,9E-climate-bridge,Climate and greenhouse gases,explain,3,yes,Why can extra greenhouse gases increase global temperature?
derived-y9cgp-079-E-climate-bridge-give-two-examples-of-evidence-used-for-global-warming,derived-open-answer-card,y9cgp-079-E-climate-bridge-give-two-examples-of-evidence-used-for-global-warming,9E,9E Making materials,9E-climate-bridge,Climate and greenhouse gases,state,1,no,Give two examples of evidence used for global warming.
derived-y9cgp-084-E-climate-bridge-why-do-scientists-compare-modern-temperatures-with-long-term,derived-open-answer-card,y9cgp-084-E-climate-bridge-why-do-scientists-compare-modern-temperatures-with-long-term,9E,9E Making materials,9E-climate-bridge,Climate and greenhouse gases,explain,3,no,Why do scientists compare modern temperatures with long-term averages?
derived-y9cgp-085-E-climate-bridge-explain-why-a-correlation-between-greenhouse-gas-emissions-a,derived-open-answer-card,y9cgp-085-E-climate-bridge-explain-why-a-correlation-between-greenhouse-gas-emissions-a,9E,9E Making materials,9E-climate-bridge,Climate and greenhouse gases,explain,3,yes,Explain why a correlation between greenhouse gas emissions and temperature is important but not the only evidence needed.
derived-y9cgp-102-F-chemical-energy-bridge-why-should-temperature-be-measured-before-and-after-a-reacti,derived-open-answer-card,y9cgp-102-F-chemical-energy-bridge-why-should-temperature-be-measured-before-and-after-a-reacti,9F,9F Reactivity and extraction,9F-chemical-energy-bridge,Chemical energy bridge,explain,3,yes,Why should temperature be measured before and after a reaction?
derived-y9cgp-103-F-chemical-energy-bridge-give-one-example-of-an-endothermic-reaction-from-the-revisio,derived-open-answer-card,y9cgp-103-F-chemical-energy-bridge-give-one-example-of-an-endothermic-reaction-from-the-revisio,9F,9F Reactivity and extraction,9F-chemical-energy-bridge,Chemical energy bridge,state,1,no,Give one example of an endothermic reaction from the revision sheet.
derived-y9cgp-104-F-chemical-energy-bridge-why-is-combustion-usually-described-as-exothermic,derived-open-answer-card,y9cgp-104-F-chemical-energy-bridge-why-is-combustion-usually-described-as-exothermic,9F,9F Reactivity and extraction,9F-chemical-energy-bridge,Chemical energy bridge,explain,3,yes,Why is combustion usually described as exothermic?
derived-y9cgp-105-F-chemical-energy-bridge-correct-the-misconception-a-cold-reaction-makes-cold-energy,derived-open-answer-card,y9cgp-105-F-chemical-energy-bridge-correct-the-misconception-a-cold-reaction-makes-cold-energy,9F,9F Reactivity and extraction,9F-chemical-energy-bridge,Chemical energy bridge,explain,2,no,Correct the misconception: “A cold reaction makes cold energy.”
derived-y9img-001-9i-density-water-displacement-calculate-density,derived-open-answer-card,y9img-001-9i-density-water-displacement-calculate-density,9I,9I Forces and motion,9I-pressure,"Pressure, density and floating",calculate,2,yes,Use the measuring cylinders. Calculate the density of the object. Give your answer in g/cm³.
derived-y9img-002-9i-density-cuboid-calculate-density,derived-open-answer-card,y9img-002-9i-density-cuboid-calculate-density,9I,9I Forces and motion,9I-pressure,"Pressure, density and floating",calculate,2,yes,Use the cuboid diagram. Calculate the density of the object in g/cm³.
derived-y9img-003-9i-pressure-solid-block-calculate-pressure,derived-open-answer-card,y9img-003-9i-pressure-solid-block-calculate-pressure,9I,9I Forces and motion,9I-pressure,"Pressure, density and floating",calculate,2,yes,Use the block diagram. Calculate the pressure on the surface in N/cm².
derived-y9img-005-9i-moment-balanced-missing-distance,derived-open-answer-card,y9img-005-9i-moment-balanced-missing-distance,9I,9I Forces and motion,9I-moments,"Levers, pivots and moments",calculate,2,yes,Use the balanced lever diagram. Calculate the missing distance on the right-hand side.
derived-y9r6-004-9j-current-voltage-resistance-calculate,derived-open-answer-card,y9r6-004-9j-current-voltage-resistance-calculate,9J,9J Force fields and electromagnets,9J-resistance,Resistance and Ohm’s law,calculate,2,yes,Use the current-voltage graph. Calculate the resistance of line B at 6 V.
