id,unit,domain,type,command,marks,pool,source_action,question,source,source_fidelity,has_media
y9-093-9i-for-a-lever-the-pivot-is-also-called-the,9I,physics,Quick quiz,identify,1,written-main,promote now,"In the labelled lever diagram, what is label Y also called?",9I quick quiz 9Id Q1 - source-style diagram redraw,source-style-redraw,True
y9-229-9a-describe-what-environmental-variation-is,9A,biology,Progress check,describe,2,written-main,promote now,Describe what environmental variation is.,9A revision worksheet,progress-check-derived,False
y9-230-9a-give-three-examples-of-environmental-variation-in-plants,9A,biology,Progress check,state,1,written-recall,promote to recall pool,Give three examples of environmental variation in plants.,9A revision worksheet,progress-check-derived,False
y9-231-9a-give-three-examples-of-environmental-variation-in-humans,9A,biology,Progress check,state,1,written-recall,promote to recall pool,Give three examples of environmental variation in humans.,9A revision worksheet,progress-check-derived,False
y9-232-9a-define-classification,9A,biology,Assess check,explain,3,written-main,promote now,Why do scientists classify organisms using similarities and differences?,9A revision worksheet,progress-check-derived,False
y9-233-9a-define-species,9A,biology,Apply check,explain,3,written-main,promote now,"Two animals can mate, but their offspring are not fertile. Why would scientists not count them as the same species?",9A revision worksheet,progress-check-derived,False
y9-234-9a-explain-how-environmental-variation-can-cause-problems-with-classifica,9A,biology,Progress check,explain,3,written-main,promote now,Explain how environmental variation can cause problems with classification.,9A revision worksheet,progress-check-derived,False
y9-235-9a-describe-what-happens-during-fertilisation-and-what-is-formed,9A,biology,Progress check,describe,2,written-main,promote now,Describe what happens during fertilisation and what is formed.,9A revision worksheet,progress-check-derived,False
y9-236-9a-describe-how-chromosomes-dna-and-genes-are-linked-together,9A,biology,Progress check,describe,2,written-main,promote now,"Describe how chromosomes, DNA and genes are linked together.",9A revision worksheet,progress-check-derived,True
y9-237-9a-state-three-ways-we-can-preserve-biodiversity,9A,biology,Progress check,state,1,written-recall,promote to recall pool,State three ways we can preserve biodiversity.,9A revision worksheet,progress-check-derived,False
y9-238-9a-describe-natural-selection,9A,biology,Progress check,describe,2,written-main,promote now,Describe natural selection.,9A revision worksheet,progress-check-derived,False
y9-239-9b-state-where-a-plant-gets-the-reactants-it-needs-for-photosynthesis,9B,biology,Progress check,state,1,written-recall,promote to recall pool,State where a plant gets the reactants it needs for photosynthesis.,9B Plant Growth PPT progress check slide 14,progress-check-derived,False
y9-240-9b-describe-what-happens-to-the-products-of-photosynthesis,9B,biology,Progress check,describe,2,written-main,promote now,Describe what happens to the products of photosynthesis.,9B Plant Growth PPT progress check slide 14,progress-check-derived,False
y9-241-9b-describe-what-a-limiting-factor-is,9B,biology,Progress check,describe,2,written-main,promote now,Describe what a limiting factor is.,9B Plant Growth PPT progress check slide 14,progress-check-derived,False
y9-242-9b-suggest-when-photosynthesis-might-occur-in-plants,9B,biology,Progress check,state,2,written-main,source-style wording polished and promoted in v1.56.0,State the conditions needed for photosynthesis to occur in plants.,9B Plant Growth PPT progress check slide 14,progress-check-derived,False
y9-243-9b-describe-the-route-water-takes-from-soil-to-a-leaf,9B,biology,Progress check,describe,2,written-main,promote now,Describe the route water takes from soil to a leaf.,9B Plant Growth PPT progress check slide 43,progress-check-derived,True
y9-244-9b-explain-the-structure-of-xylem-vessels,9B,biology,Progress check,explain,3,written-main,promote now,Explain the structure of xylem vessels.,9B Plant Growth PPT progress check slide 43,progress-check-derived,False
y9-245-9b-state-the-cells-that-control-gas-exchange-in-leaves,9B,biology,Progress check,state,1,written-recall,promote to recall pool,State the cells that control gas exchange in leaves.,9B Plant Growth PPT progress check slide 48,progress-check-derived,False
y9-246-9b-suggest-why-stomata-shut-at-night,9B,biology,Progress check,explain,3,written-main,promote now,Suggest why stomata shut at night.,9B Plant Growth PPT progress check slide 48,progress-check-derived,False
y9-247-9b-draw-or-describe-the-relationship-between-glucose-and-starch,9B,biology,Progress check,describe,2,written-main,promote now,Draw or describe the relationship between glucose and starch.,9B Plant Growth PPT progress check slide 62,progress-check-derived,False
y9-248-9b-suggest-why-seeds-need-starch,9B,biology,Progress check,explain,3,written-main,promote now,Suggest why seeds need starch.,9B Plant Growth PPT progress check slide 62,progress-check-derived,True
y9-249-9e-design-poster-prompt-list-what-a-year-9-poster-on-ceramics-polymers-an,9E,chemistry,Progress check,state,1,written-recall,promote to recall pool,"Design-poster prompt: list what a Year 9 poster on ceramics, polymers and composites should include.",9E assess yourself,progress-check-derived,False
y9-250-9e-explain-how-properties-of-ceramics-link-to-bonding-and-structure,9E,chemistry,Progress check,explain,3,written-main,promote now,Explain how properties of ceramics link to bonding and structure.,9E assess yourself,progress-check-derived,False
y9-251-9e-explain-why-composites-often-have-better-properties-than-their-separat,9E,chemistry,Progress check,explain,3,written-main,promote now,Explain why composites often have better properties than their separate materials.,9E assess yourself,progress-check-derived,True
y9-252-9e-explain-one-environmental-problem-caused-by-making-materials,9E,chemistry,Progress check,explain,3,written-main,promote now,Explain one environmental problem caused by making materials.,9E summary sheet / assess yourself,progress-check-derived,False
y9-253a-9f-describe-how-iron-is-extracted-from-iron-ore,9F,chemistry,Progress check,describe,3,written-main,split from broad source prompt and promoted in v1.56.0,Describe how iron is extracted from iron ore.,9F assess yourself - split from extraction/rusting talk prompt,progress-check-derived,False
y9-253b-9f-explain-two-ways-rusting-can-be-prevented,9F,chemistry,Progress check,explain,3,written-main,split from broad source prompt and promoted in v1.56.0,Explain two ways rusting can be prevented.,9F assess yourself - split from extraction/rusting talk prompt,progress-check-derived,False
y9-254-9f-why-is-a-metal-oxide-reduced-when-carbon-extracts-a-metal,9F,chemistry,Progress check,explain,3,written-main,promote now,Why is a metal oxide reduced when carbon extracts a metal?,9F summary sheet / assess yourself,progress-check-derived,False
y9-255-9f-explain-why-aluminium-is-extracted-by-electrolysis-rather-than-carbon-,9F,chemistry,Progress check,explain,3,written-main,promote now,Explain why aluminium is extracted by electrolysis rather than carbon reduction.,9F quick quiz / summary sheet,progress-check-derived,False
y9-256-9f-explain-why-rusting-is-a-problem-and-name-two-prevention-methods,9F,chemistry,Progress check,explain,3,written-main,promote now,Explain why rusting is a problem and name two prevention methods.,9F assess yourself,progress-check-derived,True
y9-257-9i-describe-how-to-raise-a-large-upright-stone-using-levers-moments-and-r,9I,physics,Progress check,describe,2,written-main,promote now,"Describe how to raise a large upright stone using levers, moments and ramps.",9I assess yourself,progress-check-derived,False
y9-258-9i-explain-why-a-shallow-ramp-needs-less-force-but-more-distance,9I,physics,Progress check,explain,3,written-main,promote now,Explain why a shallow ramp needs less force but more distance.,9I assess yourself / simple machines,progress-check-derived,False
y9-259-9i-calculate-the-weight-of-a-54-kg-person-on-earth-where-g-10-n-kg,9I,physics,Progress check,calculate,2,written-main,promote now,Calculate the weight of a 54 kg person on Earth where g = 10 N/kg.,9Ja Force Fields PPT Guardians calculation,progress-check-derived,False
y9-260-9i-a-96-kg-person-is-on-a-planet-where-g-14-n-kg-calculate-weight,9I,physics,Progress check,calculate,2,written-main,promote now,A 96 kg person is on a planet where g = 14 N/kg. Calculate weight.,9Ja Force Fields PPT Guardians calculation,progress-check-derived,False
y9-261-9i-a-person-weighs-1220-n-on-earth-where-g-10-n-kg-calculate-mass,9I,physics,Progress check,calculate,2,written-main,promote now,A person weighs 1220 N on Earth where g = 10 N/kg. Calculate mass.,9Ja Force Fields PPT Guardians calculation,progress-check-derived,False
y9-262-9j-describe-what-an-electromagnet-is-and-how-its-magnetic-field-is-shaped,9J,physics,Progress check,describe,2,written-main,promote now,Describe what an electromagnet is and how its magnetic field is shaped.,9Je Electromagnets PPT,progress-check-derived,False
y9-263-9j-how-can-the-strength-of-an-electromagnet-be-increased,9J,physics,Progress check,explain,3,written-main,promote now,How can the strength of an electromagnet be increased?,9Je Electromagnets PPT,progress-check-derived,True
y9-264-9j-explain-how-a-relay-works,9J,physics,Progress check,explain,3,written-main,promote now,Explain how a relay works.,9Je Electromagnets PPT / word sheet,progress-check-derived,False
y9-265-9j-describe-the-difference-between-current-and-voltage,9J,physics,Progress check,describe,2,written-main,promote now,Describe the difference between current and voltage / potential difference.,9Jc Current Electricity PPT,progress-check-derived,True
y9-266-9j-explain-why-plastic-handles-are-safe-on-electrical-wires,9J,physics,Progress check,explain,3,written-main,promote now,Explain why plastic handles are safe on electrical wires.,9Jd Resistance PPT progress check,progress-check-derived,False
y9-267-9j-describe-how-to-test-whether-resistance-depends-on-wire-length,9J,physics,Progress check,describe,2,written-main,promote now,Describe how to test whether resistance depends on wire length.,9Jd Resistance PPT exam-style question,progress-check-derived,True
y9-268-9j-calculate-weight-mass-34-kg-and-gravitational-field-strength-6-8-n-kg,9J,physics,Calculation,calculate,2,written-main,promote now,Calculate weight: mass = 34 kg and gravitational field strength = 6.8 N/kg.,9Ja Force Fields PPT Guardians calculation,calculation-practice-derived,False
y9-269-9j-a-person-has-weight-686-n-and-mass-56-kg-calculate-gravitational-field,9J,physics,Calculation,calculate,2,written-main,promote now,A person has weight 686 N and mass 56 kg. Calculate gravitational field strength.,9Ja Force Fields PPT Guardians calculation,calculation-practice-derived,False
y9-270-9j-a-component-has-voltage-10-v-and-current-0-5-a-calculate-resistance,9J,physics,Calculation,calculate,2,written-main,promote now,A component has voltage 10 V and current 0.5 A. Calculate resistance.,9Jd Resistance PPT modelled answer,calculation-practice-derived,False
y9-271-9j-a-resistor-has-voltage-6-v-and-current-0-2-a-calculate-resistance,9J,physics,Calculation,calculate,2,written-main,promote now,A resistor has voltage 6 V and current 0.2 A. Calculate resistance.,9Jd Resistance formula practice,calculation-practice-derived,False
y9-272-9i-a-cyclist-travels-12-km-in-0-5-h-calculate-mean-speed,9I,physics,Calculation,calculate,2,written-main,promote now,A cyclist travels 12 km in 0.5 h. Calculate mean speed.,9I speed summary / quick quiz style,calculation-practice-derived,False
y9-273-9i-a-force-of-40-n-moves-a-box-3-m-calculate-work-done,9I,physics,Calculation,calculate,2,written-main,promote now,A force of 40 N moves a box 3 m. Calculate work done.,9I simple machines / work done,calculation-practice-derived,False
y9-274-9i-a-5-n-force-acts-0-4-m-from-a-pivot-calculate-the-moment,9I,physics,Calculation,calculate,2,written-main,promote now,A 5 N force acts 0.4 m from a pivot. Calculate the moment.,9I moments quick quiz style,calculation-practice-derived,False
y9x-001-9a-state-what-variation-is,9A,biology,Assess check,state,1,written-recall,promote to recall pool,State what variation is.,9A assess-yourself success criterion 01,success-criterion-derived,False
y9x-002-9a-outline-why-dinosaurs-became-extinct,9A,biology,Assess check,explain,3,written-main,promote now,Outline why dinosaurs became extinct.,9A assess-yourself success criterion 02,success-criterion-derived,False
y9x-003-9a-use-evidence-to-explain-how-scientists-can-infer-something-about-triceratops-suc,9A,biology,Assess check,explain,3,written-main,promote now,"Use evidence to explain how scientists can infer something about Triceratops, such as whether it was prey.",9A assess-yourself success criterion 03,success-criterion-derived,False
y9x-004-9a-identify-examples-of-environmental-variation,9A,biology,Assess check,identify,1,written-main,promote now,Identify examples of environmental variation.,9A assess-yourself success criterion 04,success-criterion-derived,False
y9x-005-9a-identify-examples-of-inherited-variation,9A,biology,Assess check,identify,1,written-main,promote now,Identify examples of inherited variation.,9A assess-yourself success criterion 05,success-criterion-derived,False
y9x-006-9a-explain-how-changes-in-an-ecosystem-can-cause-extinction,9A,biology,Assess check,explain,3,written-main,promote now,Explain how changes in an ecosystem can cause extinction.,9A assess-yourself success criterion 06,success-criterion-derived,False
y9x-007-9a-identify-adaptations-of-triceratops-that-could-be-labelled-on-a-model,9A,biology,Assess check,identify,1,written-main,promote now,Identify adaptations of Triceratops that could be labelled on a model.,9A assess-yourself success criterion 07,success-criterion-derived,True
y9x-008-9a-explain-how-environmental-variation-is-caused,9A,biology,Assess check,explain,3,written-main,promote now,Explain how environmental variation is caused.,9A assess-yourself success criterion 08,success-criterion-derived,False
y9x-009-9a-outline-how-some-variation-is-inherited-from-parents,9A,biology,Assess check,describe,2,written-main,promote now,Outline how some variation is inherited from parents.,9A assess-yourself success criterion 09,success-criterion-derived,False
y9x-010-9a-explain-how-triceratops-adaptations-helped-survival,9A,biology,Assess check,explain,3,written-main,promote now,Explain how Triceratops adaptations helped survival.,9A assess-yourself success criterion 10,success-criterion-derived,False
y9x-011-9a-identify-and-explain-triceratops-adaptations-beyond-the-obvious-labels,9A,biology,Assess check,explain,3,written-main,promote now,Identify and explain Triceratops adaptations beyond the obvious labels.,9A assess-yourself success criterion 11,success-criterion-derived,True
y9x-012-9a-describe-the-relationship-between-cells-nuclei-chromosomes-genes-dna-and-genetic,9A,biology,Assess check,describe,2,written-main,promote now,"Describe the relationship between cells, nuclei, chromosomes, genes, DNA and genetic information.",9A assess-yourself success criterion 12,success-criterion-derived,True
y9x-013-9a-describe-how-variation-in-adaptations-affects-survival-within-a-species,9A,biology,Assess check,describe,2,written-main,promote now,Describe how variation in adaptations affects survival within a species.,9A assess-yourself success criterion 13,success-criterion-derived,False
y9x-014-9a-state-what-evolution-is,9A,biology,Assess check,state,1,written-recall,promote to recall pool,State what evolution is.,9A assess-yourself success criterion 14,success-criterion-derived,False
y9x-015-9a-explain-how-natural-selection-works,9A,biology,Assess check,explain,3,written-main,promote now,Explain how natural selection works.,9A assess-yourself success criterion 15,success-criterion-derived,False
y9x-016-9b-name-some-common-crop-plants,9B,biology,Assess check,state,1,written-recall,promote to recall pool,Name some common crop plants.,9B assess-yourself success criterion 01,success-criterion-derived,False
y9x-017-9b-explain-why-it-is-important-to-look-after-crop-plants,9B,biology,Assess check,explain,3,written-main,promote now,Explain why it is important to look after crop plants.,9B assess-yourself success criterion 02,success-criterion-derived,False
y9x-018-9b-state-that-plants-make-their-own-food,9B,biology,Assess check,state,1,written-recall,promote to recall pool,State that plants make their own food.,9B assess-yourself success criterion 03,success-criterion-derived,False
y9x-019-9b-recall-the-resources-plants-need-to-grow-well,9B,biology,Assess check,state,1,written-recall,promote to recall pool,Recall the resources plants need to grow well.,9B assess-yourself success criterion 04,success-criterion-derived,False
y9x-020-9b-list-chemical-substances-farmers-may-apply-to-crops,9B,biology,Assess check,state,1,written-recall,promote to recall pool,List chemical substances farmers may apply to crops.,9B assess-yourself success criterion 05,success-criterion-derived,False
y9x-021-9b-describe-photosynthesis-in-terms-of-reactants-products-and-energy-source,9B,biology,Assess check,describe,2,written-main,promote now,"Describe photosynthesis in terms of reactants, products and energy source.",9B assess-yourself success criterion 06,success-criterion-derived,False
y9x-022-9b-explain-how-leaves-roots-and-stems-help-photosynthesis,9B,biology,Assess check,explain,3,written-main,promote now,"Explain how leaves, roots and stems help photosynthesis.",9B assess-yourself success criterion 07,success-criterion-derived,True
y9x-023-9b-explain-why-insecticides-and-fungicides-are-used-on-crop-plants,9B,biology,Assess check,explain,3,written-main,promote now,Explain why insecticides and fungicides are used on crop plants.,9B assess-yourself success criterion 08,success-criterion-derived,False
y9x-024-9b-explain-why-herbicides-or-weedkillers-are-used-on-crop-plants,9B,biology,Assess check,explain,3,written-main,promote now,Explain why herbicides or weedkillers are used on crop plants.,9B assess-yourself success criterion 09,success-criterion-derived,False
y9x-025-9b-explain-how-fertilisers-help-crop-plants-grow-well,9B,biology,Assess check,explain,3,written-main,promote now,Explain how fertilisers help crop plants grow well.,9B assess-yourself success criterion 10,success-criterion-derived,True
y9x-026-9b-use-word-equations-for-photosynthesis-and-aerobic-respiration,9B,biology,Assess check,state,2,written-main,source-style wording polished and promoted in v1.56.0,Write the word equations for photosynthesis and aerobic respiration.,9B assess-yourself success criterion 11,success-criterion-derived,False
y9x-027-9b-explain-what-happens-when-plants-lack-water-or-mineral-salts,9B,biology,Assess check,explain,3,written-main,promote now,Explain what happens when plants lack water or mineral salts.,9B assess-yourself success criterion 12,success-criterion-derived,False
y9x-028-9b-describe-substances-made-in-plants-and-their-uses,9B,biology,Assess check,describe,2,written-main,promote now,Describe substances made in plants and their uses.,9B assess-yourself success criterion 13,success-criterion-derived,False
y9x-029-9b-explain-that-chlorophyll-traps-energy-transferred-by-light,9B,biology,Assess check,explain,3,written-main,promote now,Explain that chlorophyll traps energy transferred by light.,9B assess-yourself success criterion 14,success-criterion-derived,False
y9x-030-9b-explain-how-farming-can-change-the-carbon-cycle,9B,biology,Assess check,explain,3,written-main,promote now,Explain how farming can change the carbon cycle.,9B assess-yourself success criterion 15,success-criterion-derived,True
y9x-031-9b-explain-problems-caused-by-fertilisers-including-effects-on-fish-in-lakes,9B,biology,Assess check,explain,3,written-main,promote now,"Explain problems caused by fertilisers, including effects on fish in lakes.",9B assess-yourself success criterion 16,success-criterion-derived,False
y9x-032-9b-explain-problems-caused-by-pesticides-including-persistent-insecticides,9B,biology,Assess check,explain,3,written-main,promote now,"Explain problems caused by pesticides, including persistent insecticides.",9B assess-yourself success criterion 17,success-criterion-derived,False
y9x-033-9b-describe-how-limiting-factors-stop-photosynthesis-rate-increasing,9B,biology,Assess check,describe,2,written-main,promote now,Describe how limiting factors stop photosynthesis rate increasing.,9B assess-yourself success criterion 18,success-criterion-derived,True
y9x-034-9e-name-common-conductors-and-insulators,9E,chemistry,Assess check,state,1,written-recall,promote to recall pool,Name common conductors and insulators.,9E assess-yourself success criterion 01,success-criterion-derived,True
y9x-035-9e-explain-what-a-landfill-site-is-and-why-it-can-cause-problems,9E,chemistry,Assess check,explain,3,written-main,promote now,Explain what a landfill site is and why it can cause problems.,9E assess-yourself success criterion 02,success-criterion-derived,False
y9x-036-9e-name-examples-of-ceramic-polymer-and-composite-materials,9E,chemistry,Assess check,state,1,written-recall,promote to recall pool,"Name examples of ceramic, polymer and composite materials.",9E assess-yourself success criterion 03,success-criterion-derived,False
y9x-037-9e-name-the-main-source-of-raw-materials-for-making-polymers,9E,chemistry,Assess check,state,1,written-recall,promote to recall pool,Name the main source of raw materials for making polymers.,9E assess-yourself success criterion 04,success-criterion-derived,False
y9x-038-9e-describe-the-difference-between-biodegradable-and-non-biodegradable-polymers,9E,chemistry,Assess check,describe,2,written-main,promote now,Describe the difference between biodegradable and non-biodegradable polymers.,9E assess-yourself success criterion 05,success-criterion-derived,False
y9x-039-9e-describe-pollution-problems-caused-by-burning-fossil-fuels,9E,chemistry,Assess check,describe,2,written-main,promote now,Describe pollution problems caused by burning fossil fuels.,9E assess-yourself success criterion 06,success-criterion-derived,False
y9x-040-9e-describe-what-a-composite-material-is,9E,chemistry,Assess check,describe,2,written-main,promote now,Describe what a composite material is.,9E assess-yourself success criterion 07,success-criterion-derived,True
y9x-041-9e-describe-problems-caused-by-disposal-of-artificial-polymers,9E,chemistry,Assess check,describe,2,written-main,promote now,Describe problems caused by disposal of artificial polymers.,9E assess-yourself success criterion 08,success-criterion-derived,False
y9x-042-9e-explain-the-causes-and-problems-of-acid-rain-and-the-greenhouse-effect,9E,chemistry,Assess check,explain,3,written-main,promote now,Explain the causes and problems of acid rain and the greenhouse effect.,9E assess-yourself success criterion 09,success-criterion-derived,True
y9x-043-9e-link-uses-of-ceramics-polymers-and-composites-to-their-properties,9E,chemistry,Assess check,describe,3,written-main,source-style wording polished and promoted in v1.56.0,"Describe how the properties of ceramics, polymers and composites affect their uses.",9E assess-yourself success criterion 10,success-criterion-derived,True
y9x-044-9e-describe-how-polymers-are-formed-from-monomers,9E,chemistry,Assess check,describe,2,written-main,promote now,Describe how polymers are formed from monomers.,9E assess-yourself success criterion 11,success-criterion-derived,True
y9x-045-9e-identify-thermal-decomposition-reactions,9E,chemistry,Assess check,identify,1,written-main,promote now,Identify thermal decomposition reactions.,9E assess-yourself success criterion 12,success-criterion-derived,True
y9x-046-9e-explain-advantages-of-recycling-with-specific-examples,9E,chemistry,Assess check,explain,3,written-main,promote now,Explain advantages of recycling with specific examples.,9E assess-yourself success criterion 13,success-criterion-derived,True
y9x-047-9e-justify-using-a-ceramic-polymer-or-composite-for-a-particular-use,9E,chemistry,Assess check,explain,2,written-main,source-style wording polished and promoted in v1.56.0,"Explain why a named ceramic, polymer or composite is suitable for a particular use.",9E assess-yourself success criterion 14,success-criterion-derived,False
y9x-048-9e-explain-how-crystal-size-depends-on-cooling-speed,9E,chemistry,Assess check,explain,3,written-main,promote now,Explain how crystal size depends on cooling speed.,9E assess-yourself success criterion 15,success-criterion-derived,False
y9x-049-9e-explain-how-properties-of-a-material-depend-on-bonding-and-structure,9E,chemistry,Assess check,explain,3,written-main,promote now,Explain how properties of a material depend on bonding and structure.,9E assess-yourself success criterion 16,success-criterion-derived,False
y9x-050-9e-classify-exothermic-and-endothermic-reactions-by-temperature-change-and-energy-t,9E,chemistry,Assess check,identify,2,written-main,source-style wording polished and promoted in v1.56.0,Identify whether each reaction is exothermic or endothermic from the temperature change and energy transfer shown.,9E assess-yourself success criterion 17,success-criterion-derived,True
y9x-051-9e-explain-biomagnification-of-toxins-through-food-chains,9E,chemistry,Assess check,explain,3,written-main,promote now,Explain biomagnification of toxins through food chains.,9E assess-yourself success criterion 18,success-criterion-derived,True
y9x-052-9e-suggest-ways-to-reduce-global-warming-and-acid-rain-impacts,9E,chemistry,Assess check,explain,3,written-main,source-style wording polished and promoted in v1.56.0,"State two ways to reduce global warming or acid-rain impacts, then explain one of them.",9E assess-yourself success criterion 19,success-criterion-derived,True
y9x-053-9f-describe-what-causes-rusting,9F,chemistry,Assess check,describe,2,written-main,promote now,Describe what causes rusting.,9F assess-yourself success criterion 01,success-criterion-derived,True
y9x-054-9f-describe-one-simple-method-of-preventing-rusting,9F,chemistry,Assess check,describe,2,written-main,promote now,Describe one simple method of preventing rusting.,9F assess-yourself success criterion 02,success-criterion-derived,True
y9x-055-9f-explain-why-rusting-is-a-problem,9F,chemistry,Assess check,explain,3,written-main,promote now,Explain why rusting is a problem.,9F assess-yourself success criterion 03,success-criterion-derived,True
y9x-056-9f-use-scientific-words-to-explain-how-iron-rusts,9F,chemistry,Assess check,explain,3,written-main,promote now,Use scientific words to explain how iron rusts.,9F assess-yourself success criterion 04,success-criterion-derived,True
y9x-057-9f-explain-why-iron-or-steel-is-used-for-a-purpose-because-of-its-properties,9F,chemistry,Assess check,explain,3,written-main,promote now,Explain why iron or steel is used for a purpose because of its properties.,9F assess-yourself success criterion 05,success-criterion-derived,False
y9x-058-9f-describe-how-iron-ore-is-obtained-from-mining,9F,chemistry,Assess check,describe,2,written-main,promote now,Describe how iron ore is obtained from mining.,9F assess-yourself success criterion 06,success-criterion-derived,False
y9x-059-9f-use-word-equations-to-describe-reactions,9F,chemistry,Assess check,describe,2,written-main,promote now,Use word equations to describe reactions.,9F assess-yourself success criterion 07,success-criterion-derived,False
y9x-060-9f-describe-the-reactivity-series-and-the-position-of-iron,9F,chemistry,Assess check,describe,2,written-main,promote now,Describe the reactivity series and the position of iron.,9F assess-yourself success criterion 08,success-criterion-derived,False
y9x-061-9f-explain-how-metal-reactivity-determines-extraction-method,9F,chemistry,Assess check,explain,3,written-main,promote now,Explain how metal reactivity determines extraction method.,9F assess-yourself success criterion 09,success-criterion-derived,True
y9x-062-9f-explain-why-energy-needs-and-cost-matter-when-selecting-extraction-methods,9F,chemistry,Assess check,explain,3,written-main,promote now,Explain why energy needs and cost matter when selecting extraction methods.,9F assess-yourself success criterion 10,success-criterion-derived,False
y9x-063-9f-describe-sacrificial-protection-for-preventing-rusting,9F,chemistry,Assess check,describe,2,written-main,promote now,Describe sacrificial protection for preventing rusting.,9F assess-yourself success criterion 11,success-criterion-derived,True
y9x-064-9f-explain-how-sacrificial-protection-prevents-rusting-and-link-this-to-the-reactiv,9F,chemistry,Assess check,explain,3,written-main,promote now,Explain how sacrificial protection prevents rusting and link this to the reactivity series.,9F assess-yourself success criterion 12,success-criterion-derived,True
y9x-065-9f-explain-why-certain-metals-are-used-for-sacrificial-protection,9F,chemistry,Assess check,explain,3,written-main,promote now,Explain why certain metals are used for sacrificial protection.,9F assess-yourself success criterion 13,success-criterion-derived,True
y9x-066-9f-explain-other-reactions-taking-place-in-a-blast-furnace,9F,chemistry,Assess check,explain,3,written-main,promote now,Explain other reactions taking place in a blast furnace.,9F assess-yourself success criterion 14,success-criterion-derived,False
y9x-067-9f-use-balanced-equations-to-represent-reactions,9F,chemistry,Assess check,explain,2,written-main,source-style wording polished and promoted in v1.56.0,Explain what a balanced chemical equation shows about atoms on each side of the equation.,9F assess-yourself success criterion 15,success-criterion-derived,False
y9x-068-9f-describe-the-formation-of-stainless-steel,9F,chemistry,Assess check,describe,2,written-main,promote now,Describe the formation of stainless steel.,9F assess-yourself success criterion 16,success-criterion-derived,False
y9x-069-9i-recall-units-for-speed-and-explain-what-speed-means,9I,physics,Assess check,explain,3,written-main,promote now,Recall units for speed and explain what speed means.,9I assess-yourself success criterion 01,success-criterion-derived,False
y9x-070-9i-explain-how-distance-and-time-affect-speed,9I,physics,Assess check,explain,3,written-main,promote now,Explain how distance and time affect speed.,9I assess-yourself success criterion 02,success-criterion-derived,False
y9x-071-9i-use-the-formula-relating-speed-distance-and-time,9I,physics,Assess check,calculate,2,written-main,promote now,"Use the formula relating speed, distance and time.",9I assess-yourself success criterion 03,success-criterion-derived,False
y9x-072-9i-describe-levers-ramps-and-pulleys-and-how-they-help-move-loads,9I,physics,Assess check,describe,2,written-main,promote now,"Describe levers, ramps and pulleys and how they help move loads.",9I assess-yourself success criterion 04,success-criterion-derived,False
y9x-073-9i-explain-how-levers-ramps-or-pulleys-could-raise-or-lift-stones,9I,physics,Assess check,explain,3,written-main,promote now,"Explain how levers, ramps or pulleys could raise or lift stones.",9I assess-yourself success criterion 05,success-criterion-derived,False
y9x-074-9i-state-what-a-moment-is-and-when-something-balances,9I,physics,Assess check,state,1,written-recall,promote to recall pool,State what a moment is and when something balances.,9I assess-yourself success criterion 06,success-criterion-derived,False
y9x-075-9i-explain-why-simple-machines-do-not-mean-less-energy-is-needed,9I,physics,Assess check,explain,3,written-main,promote now,Explain why simple machines do not mean less energy is needed.,9I assess-yourself success criterion 07,success-criterion-derived,False
y9x-076-9i-represent-part-of-a-journey-on-a-distance-time-graph,9I,physics,Assess check,graph,3,written-main,promote now,Represent part of a journey on a distance-time graph.,9I assess-yourself success criterion 08,success-criterion-derived,True
y9x-077-9i-use-the-formula-for-moment-force-and-perpendicular-distance,9I,physics,Assess check,calculate,2,written-main,promote now,"Use the formula for moment, force and perpendicular distance.",9I assess-yourself success criterion 09,success-criterion-derived,False
y9x-078-9i-explain-the-effect-of-friction-on-force-needed-to-move-a-load,9I,physics,Assess check,explain,3,written-main,promote now,Explain the effect of friction on force needed to move a load.,9I assess-yourself success criterion 10,success-criterion-derived,False
y9x-079-9i-explain-why-friction-usually-means-more-energy-is-needed-with-a-simple-machine,9I,physics,Assess check,explain,3,written-main,promote now,Explain why friction usually means more energy is needed with a simple machine.,9I assess-yourself success criterion 11,success-criterion-derived,False
y9x-080-9i-explain-how-ramp-angle-affects-friction-and-required-force-using-force-component,9I,physics,Assess check,explain,3,written-main,promote now,Explain how ramp angle affects friction and required force using force components.,9I assess-yourself success criterion 12,success-criterion-derived,False
y9x-081-9b-describe-what-gas-exchange-is-and-why-it-needs-to-occur-in-plants,9B,biology,Progress check,explain,3,written-main,promote now,Describe what gas exchange is and why it needs to occur in plants.,9B Plant Growth PPT slide 48 progress check,progress-check-derived,False
y9x-082-9b-describe-how-a-leaf-is-adapted-so-palisade-cells-get-the-resources-they-need,9B,biology,Progress check,describe,2,written-main,promote now,Describe how a leaf is adapted so palisade cells get the resources they need.,9B Plant Growth PPT slide 48 progress check,progress-check-derived,False
y9x-083-9b-describe-why-starch-in-chloroplasts-is-broken-down,9B,biology,Progress check,explain,3,written-main,promote now,Describe why starch in chloroplasts is broken down.,9B Plant Growth PPT slide 62 progress check,progress-check-derived,False
y9x-084-9b-suggest-when-starch-is-broken-down-in-chloroplasts-and-explain-why,9B,biology,Progress check,explain,3,written-main,promote now,Suggest when starch is broken down in chloroplasts and explain why.,9B Plant Growth PPT slide 62 progress check,progress-check-derived,False
y9x-085-9b-explain-why-plants-do-not-grow-well-if-the-soil-lacks-nitrates,9B,biology,Progress check,explain,3,written-main,promote now,Explain why plants do not grow well if the soil lacks nitrates.,9B Plant Growth PPT slide 65 extending,progress-check-derived,False
y9x-086-9b-put-the-main-stages-of-germination-into-a-logical-order,9B,biology,Progress check,describe,3,written-main,source-style wording polished and promoted in v1.56.0,Describe the main stages of germination in the correct order.,9B Plant Growth PPT slide 67,progress-check-derived,True
y9x-087-9b-list-three-substances-found-in-seeds-and-explain-their-functions,9B,biology,Progress check,explain,3,written-main,promote now,List three substances found in seeds and explain their functions.,9B Plant Growth PPT slide 67 extending,progress-check-derived,True
y9x-088-9b-describe-why-plants-are-cross-bred,9B,biology,Progress check,explain,3,written-main,promote now,Describe why plants are cross-bred.,9B Plant Growth PPT slide 73 objective,progress-check-derived,False
y9x-089-9b-recall-the-main-mineral-nutrients-plants-need,9B,biology,Progress check,state,1,written-recall,promote to recall pool,Recall the main mineral nutrients plants need.,9B Plant Growth PPT slide 73 objective,progress-check-derived,False
y9x-090-9b-explain-how-food-production-for-humans-can-be-increased,9B,biology,Progress check,explain,3,written-main,promote now,Explain how food production for humans can be increased.,9B Plant Growth PPT slide 73 objective,progress-check-derived,False
y9x-091-9b-explain-why-phosphates-and-potassium-are-important-nutrients-for-plants,9B,biology,Progress check,explain,3,written-main,promote now,Explain why phosphates and potassium are important nutrients for plants.,9B Plant Growth PPT slide 73 objective,progress-check-derived,False
y9x-092-9b-define-biodiversity,9B,biology,Apply check,explain,2,written-main,source-style wording polished and promoted in v1.56.0,Explain how using a pesticide could reduce biodiversity in a field.,9B Plant Growth PPT slide 95,progress-check-derived,False
y9x-093-9b-describe-how-sampling-can-estimate-biodiversity-in-a-field,9B,biology,Progress check,describe,2,written-main,promote now,Describe how sampling can estimate biodiversity in a field.,9B Plant Growth PPT slides 97-98,progress-check-derived,True
y9x-094-9b-explain-why-relying-on-one-crop-variety-can-be-risky,9B,biology,Progress check,explain,3,written-main,promote now,Explain why relying on one crop variety can be risky.,9B Plant Growth PPT slide 99 extending,progress-check-derived,False
y9x-095-9b-label-the-main-processes-in-the-carbon-cycle,9B,biology,Progress check,identify,1,written-main,promote now,Label the main processes in the carbon cycle.,9B Plant Growth PPT slide 103,progress-check-derived,True
y9x-096-9b-explain-how-farming-affects-the-carbon-cycle,9B,biology,Progress check,explain,3,written-main,promote now,Explain how farming affects the carbon cycle.,9B Plant Growth PPT slide 103 extending,progress-check-derived,True
y9x-097-9b-give-advantages-and-disadvantages-of-clearing-land-for-farming,9B,biology,Progress check,state,1,written-recall,promote to recall pool,Give advantages and disadvantages of clearing land for farming.,9B Plant Growth PPT slide 105,progress-check-derived,True
y9x-098-9b-give-advantages-and-disadvantages-of-insecticides-and-herbicides,9B,biology,Progress check,state,1,written-recall,promote to recall pool,Give advantages and disadvantages of insecticides and herbicides.,9B Plant Growth PPT slide 105,progress-check-derived,True
y9x-099-9b-give-advantages-and-disadvantages-of-fertilisers,9B,biology,Progress check,state,1,written-recall,promote to recall pool,Give advantages and disadvantages of fertilisers.,9B Plant Growth PPT slide 105,progress-check-derived,True
y9x-100-9b-explain-why-changing-from-wheat-to-rapeseed-after-many-years-may-reduce-yield,9B,biology,Progress check,explain,3,written-main,promote now,Explain why changing from wheat to rapeseed after many years may reduce yield.,9B Plant Growth PPT slide 105 extending,progress-check-derived,False
y9x-101-9j-state-where-electrons-are-found-in-an-atom,9J,physics,Progress check,state,1,written-recall,promote to recall pool,State where electrons are found in an atom.,9Jb Static Electricity PPT slide 9 progress check,progress-check-derived,False
y9x-102-9j-describe-the-dangers-of-static-electricity,9J,physics,Progress check,describe,2,written-main,promote now,Describe the dangers of static electricity.,9Jb Static Electricity PPT slide 9 progress check,progress-check-derived,False
y9x-103-9j-explain-why-only-negative-charges-transfer-onto-an-insulating-material,9J,physics,Progress check,explain,3,written-main,promote now,Explain why only negative charges transfer onto an insulating material.,9Jb Static Electricity PPT slide 9 progress check,progress-check-derived,True
y9x-104-9j-explain-why-a-rubbed-polythene-rod-has-an-overall-negative-charge,9J,physics,Progress check,explain,3,written-main,promote now,Explain why a rubbed polythene rod has an overall negative charge.,9Jb Static Electricity PPT slide 9 progress check,progress-check-derived,True
y9x-105-9j-describe-how-charged-objects-attract-or-repel-each-other,9J,physics,Progress check,describe,2,written-main,promote now,Describe how charged objects attract or repel each other.,9Jb Static Electricity PPT slides 8 and 10,progress-check-derived,True
y9x-106-9j-describe-a-fair-investigation-of-forces-between-charged-rods,9J,physics,Progress check,describe,2,written-main,promote now,Describe a fair investigation of forces between charged rods.,9Jb Static Electricity PPT slide 12,progress-check-derived,False
y9x-107-9j-state-three-materials-that-have-high-resistance,9J,physics,Progress check,state,1,written-recall,promote to recall pool,State three materials that have high resistance.,9Jd Resistance PPT slide 9 progress check,progress-check-derived,False
y9x-108-9j-describe-what-resistance-is,9J,physics,Progress check,describe,2,written-main,promote now,Describe what resistance is.,9Jd Resistance PPT slide 9 progress check,progress-check-derived,False
y9x-109-9j-describe-how-to-increase-resistance-in-a-circuit,9J,physics,Progress check,describe,2,written-main,promote now,Describe how to increase resistance in a circuit.,9Jd Resistance PPT slide 9 progress check,progress-check-derived,False
y9x-110-9j-state-the-units-for-voltage-current-and-resistance,9J,physics,Progress check,state,1,written-recall,promote to recall pool,"State the units for voltage / potential difference, current and resistance.",9Jd Resistance PPT slide 10,progress-check-derived,False
y9x-111-9j-explain-which-wire-has-higher-resistance-a-long-thin-wire-or-a-short-thick-wire-,9J,physics,Progress check,explain,3,written-main,promote now,Explain which wire has higher resistance: a long thin wire or a short thick wire of the same material.,9Jd Resistance PPT slide 8,progress-check-derived,False
y9x-112-9j-explain-how-a-current-voltage-graph-shows-which-resistor-has-the-higher-resistan,9J,physics,Progress check,explain,3,written-main,promote now,Explain how a current–voltage graph shows which resistor has the higher resistance.,9Jd Resistance PPT slide 16,progress-check-derived,True
y9x-113-9j-plan-an-investigation-into-how-wire-thickness-affects-resistance,9J,physics,Progress check,describe,4,written-main,source-style wording polished and promoted in v1.56.0,"Describe a method to investigate how wire thickness affects resistance. Include what to change, measure and control.",9Jd Resistance PPT objective,progress-check-derived,True
y9x-114-9j-explain-why-copper-is-commonly-used-for-wires-in-circuits,9J,physics,Progress check,explain,3,written-main,promote now,Explain why copper is commonly used for wires in circuits.,9Jc Current Electricity PPT slide 3 extending,progress-check-derived,False
y9x-115-9j-describe-how-current-behaves-in-series-and-parallel-circuits,9J,physics,Progress check,describe,2,written-main,promote now,Describe how current behaves in series and parallel circuits.,9Jc Current Electricity PPT slide 10,progress-check-derived,True
y9x-116-9j-describe-how-voltage-behaves-in-series-and-parallel-circuits,9J,physics,Progress check,describe,2,written-main,promote now,Describe how voltage / potential difference behaves in series and parallel circuits.,9Jc Current Electricity PPT slide 13,progress-check-derived,True
y9x-117-9j-explain-the-difference-between-an-electromagnet-and-a-bar-magnet,9J,physics,Progress check,explain,3,written-main,promote now,Explain the difference between an electromagnet and a bar magnet.,9Je Electromagnets PPT slide 3 extending,progress-check-derived,True
y9x-118-9j-predict-how-changing-current-magnetic-field-strength-or-current-direction-affect,9J,physics,Progress check,describe,3,written-main,source-style wording polished and promoted in v1.56.0,"Describe how changing the current, magnetic-field strength or current direction affects the force on a motor coil.",9Je Electromagnets PPT slide 8,progress-check-derived,True
y9x-119-9j-gamora-has-mass-54-kg-calculate-her-weight-on-earth-where-g-10-n-kg,9J,physics,Calculation,calculate,2,written-main,promote now,"Gamora has mass 54 kg. Calculate her weight on Earth, where g = 10 N/kg.",9Ja Force Fields PPT slide 17,calculation-practice-derived,False
y9x-120-9j-gamora-has-mass-54-kg-on-a-planet-where-g-5-n-kg-calculate-her-weight,9J,physics,Calculation,calculate,2,written-main,promote now,Gamora has mass 54 kg on a planet where g = 5 N/kg. Calculate her weight.,9Ja Force Fields PPT slide 17,calculation-practice-derived,False
y9x-121-9j-star-lord-has-mass-96-kg-calculate-his-weight-on-earth-where-g-10-n-kg,9J,physics,Calculation,calculate,2,written-main,promote now,"Star Lord has mass 96 kg. Calculate his weight on Earth, where g = 10 N/kg.",9Ja Force Fields PPT slide 18,calculation-practice-derived,False
y9x-122-9j-star-lord-has-mass-96-kg-on-a-planet-where-g-14-n-kg-calculate-his-weight,9J,physics,Calculation,calculate,2,written-main,promote now,Star Lord has mass 96 kg on a planet where g = 14 N/kg. Calculate his weight.,9Ja Force Fields PPT slide 18,calculation-practice-derived,False
y9x-123-9j-drax-weighs-1220-n-on-earth-where-g-10-n-kg-calculate-his-mass,9J,physics,Calculation,calculate,2,written-main,promote now,Drax weighs 1220 N on Earth where g = 10 N/kg. Calculate his mass.,9Ja Force Fields PPT slide 19,calculation-practice-derived,False
y9x-124-9j-drax-has-mass-122-kg-on-a-planet-where-g-7-5-n-kg-calculate-his-weight,9J,physics,Calculation,calculate,2,written-main,promote now,Drax has mass 122 kg on a planet where g = 7.5 N/kg. Calculate his weight.,9Ja Force Fields PPT slide 19,calculation-practice-derived,False
y9x-125-9j-rocket-weighs-470-n-on-earth-where-g-10-n-kg-calculate-his-mass,9J,physics,Calculation,calculate,2,written-main,promote now,Rocket weighs 470 N on Earth where g = 10 N/kg. Calculate his mass.,9Ja Force Fields PPT slide 20,calculation-practice-derived,False
y9x-126-9j-rocket-has-mass-47-kg-on-a-planet-where-g-22-8-n-kg-calculate-his-weight,9J,physics,Calculation,calculate,2,written-main,promote now,Rocket has mass 47 kg on a planet where g = 22.8 N/kg. Calculate his weight.,9Ja Force Fields PPT slide 20,calculation-practice-derived,False
y9x-127-9j-mantis-has-mass-56-kg-calculate-her-weight-on-earth-where-g-10-n-kg,9J,physics,Calculation,calculate,2,written-main,promote now,Mantis has mass 56 kg. Calculate her weight on Earth where g = 10 N/kg.,9Ja Force Fields PPT slide 21,calculation-practice-derived,False
y9x-128-9j-mantis-has-mass-56-kg-and-weight-686-n-on-a-planet-calculate-g,9J,physics,Calculation,calculate,2,written-main,promote now,Mantis has mass 56 kg and weight 686 N on a planet. Calculate g.,9Ja Force Fields PPT slide 21,calculation-practice-derived,False
y9x-129-9j-groot-has-mass-34-kg-on-a-planet-where-g-6-8-n-kg-calculate-his-weight,9J,physics,Calculation,calculate,2,written-main,promote now,Groot has mass 34 kg on a planet where g = 6.8 N/kg. Calculate his weight.,9Ja Force Fields PPT slide 22,calculation-practice-derived,False
y9x-130-9j-groot-has-mass-34-kg-and-weight-724-2-n-on-a-planet-calculate-g,9J,physics,Calculation,calculate,2,written-main,promote now,Groot has mass 34 kg and weight 724.2 N on a planet. Calculate g.,9Ja Force Fields PPT slide 22,calculation-practice-derived,False
y9x-131-9j-oberon-has-about-1-3-times-the-mass-of-rhea-but-a-similar-diameter-which-moon-ha,9J,physics,Calculation,identify,2,written-main,promote now,Oberon has about 1.3 times the mass of Rhea but a similar diameter. Which moon has greater surface gravity?,9Ja Force Fields PPT slide 23 practice question,calculation-practice-derived,False
y9x-132-9j-calculate-resistance-voltage-12-v-current-2-a,9J,physics,Calculation,calculate,2,written-main,promote now,"Calculate resistance: voltage = 12 V, current = 2 A.",9Jd Resistance formula practice,calculation-practice-derived,False
y9x-133-9j-calculate-resistance-voltage-9-v-current-0-3-a,9J,physics,Calculation,calculate,2,written-main,promote now,"Calculate resistance: voltage = 9 V, current = 0.3 A.",9Jd Resistance formula practice,calculation-practice-derived,False
y9x-134-9j-calculate-resistance-voltage-8-v-current-0-02-a,9J,physics,Calculation,calculate,2,written-main,promote now,"Calculate resistance: voltage = 8 V, current = 0.02 A.",9Jd Resistance PPT table-style practice,calculation-practice-derived,False
y9x-135-9j-calculate-current-voltage-6-v-resistance-30,9J,physics,Calculation,calculate,2,written-main,promote now,"Calculate current: voltage = 6 V, resistance = 30 Ω.",9Jd Resistance formula practice,calculation-practice-derived,False
y9x-136-9j-calculate-voltage-current-0-5-a-resistance-20,9J,physics,Calculation,calculate,2,written-main,promote now,"Calculate voltage: current = 0.5 A, resistance = 20 Ω.",9Jd Resistance PPT modelled answer extension,calculation-practice-derived,False
y9x-137-9j-calculate-voltage-current-0-02-a-resistance-5200,9J,physics,Calculation,calculate,2,written-main,promote now,"Calculate voltage: current = 0.02 A, resistance = 5200 Ω.",9Jd Resistance PPT table-style practice,calculation-practice-derived,False
y9x-138-9i-a-stone-is-moved-65-km-in-65-h-calculate-the-mean-speed,9I,physics,Calculation,calculate,2,written-main,promote now,A stone is moved 65 km in 65 h. Calculate the mean speed.,9I assess-yourself journey context,calculation-practice-derived,False
y9x-139-9i-a-river-section-is-40-km-and-the-stones-move-at-3-km-h-calculate-the-time-taken,9I,physics,Calculation,calculate,2,written-main,promote now,A river section is 40 km and the stones move at 3 km/h. Calculate the time taken.,9I assess-yourself journey context,calculation-practice-derived,False
y9x-140-9i-a-final-overland-section-is-5-km-at-1-km-h-calculate-the-time-taken,9I,physics,Calculation,calculate,2,written-main,promote now,A final overland section is 5 km at 1 km/h. Calculate the time taken.,9I assess-yourself journey context,calculation-practice-derived,False
y9x-141-9i-a-force-of-200-n-acts-0-5-m-from-a-pivot-calculate-the-moment,9I,physics,Calculation,calculate,2,written-main,promote now,A force of 200 N acts 0.5 m from a pivot. Calculate the moment.,9I moments practice,calculation-practice-derived,False
y9x-142-9i-a-moment-of-120-n-m-is-needed-using-a-lever-2-m-from-the-pivot-calculate-the-for,9I,physics,Calculation,calculate,2,written-main,promote now,A moment of 120 N m is needed using a lever 2 m from the pivot. Calculate the force.,9I moments practice,calculation-practice-derived,False
y9x-143-9i-a-300-n-force-moves-a-load-4-m-calculate-the-work-done,9I,physics,Calculation,calculate,2,written-main,promote now,A 300 N force moves a load 4 m. Calculate the work done.,9I work-done practice,calculation-practice-derived,False
y9x-144-9i-a-ramp-requires-1500-j-of-work-over-5-m-calculate-the-average-force,9I,physics,Calculation,calculate,2,written-main,promote now,A ramp requires 1500 J of work over 5 m. Calculate the average force.,9I ramps/work-done practice,calculation-practice-derived,False
y9x-145-9i-a-cyclist-travels-at-6-m-s-for-20-s-calculate-the-distance-travelled,9I,physics,Calculation,calculate,2,written-main,promote now,A cyclist travels at 6 m/s for 20 s. Calculate the distance travelled.,9I speed practice,calculation-practice-derived,False
y9x-138-9j-match-common-circuit-symbols-to-their-component-names,9J,physics,Progress check,identify,4,written-main,source-style wording polished and promoted in v1.56.0,Identify the circuit components labelled A–H in the symbol grid.,9Jc Current Electricity PPT / revision pack circuit-symbol coverage,revision-pack-aligned-visual-practice,True
y9x-148-9j-compare-current-and-voltage-in-the-two-circuits,9J,physics,Progress check,describe,4,written-main,source-style wording polished and promoted in v1.56.0,Describe how current and voltage behave in a series circuit and a parallel circuit.,9Jc Current Electricity PPT / series and parallel circuits,revision-pack-aligned-visual-practice,True
y9x-153-9j-use-the-charge-pair-diagram-identify-which-pairs-repel-and-which-attract,9J,physics,Progress check,identify,1,written-main,promote now,Use the charge-pair diagram. Identify which labelled pairs repel and which labelled pairs attract.,9Jb Static-Electricity PPT / 9J summary sheet - charge attraction and repulsion visual practice,source-style-redraw,True
y9x-154-9j-use-the-charge-transfer-diagram-what-particle-has-moved-and-what-charge-does-the-rod-gain,9J,physics,Progress check,identify,2,written-main,source-style wording polished and promoted in v1.56.0,Identify the particle that has moved in the charge-transfer diagram and state the charge gained by the rod.,9Jb Static-Electricity PPT / 9J summary sheet - charging by rubbing visual practice,source-style-redraw,True
y9x-155-9j-use-the-electromagnet-diagram-match-labels-a-to-d-to-the-coil-core-cell-and-switch,9J,physics,Progress check,identify,4,written-main,source-style wording polished and promoted in v1.56.0,Identify labels A–D on the electromagnet diagram.,9Je Electromagnets PPT / 9J summary sheet - electromagnet parts visual practice,source-style-redraw,True
y9x-157-9j-use-the-relay-diagram-match-labels-a-to-d-to-control-circuit-electromagnet-switch-and-load,9J,physics,Progress check,identify,4,written-main,source-style wording polished and promoted in v1.56.0,Identify labels A–D on the relay diagram.,9Je Electromagnets PPT / 9J summary sheet - relay diagram visual practice,source-style-redraw,True
y9x-158-9j-use-the-relay-diagram-explain-why-a-relay-is-useful,9J,physics,Progress check,explain,3,written-main,promote now,Use the relay diagram. Explain why a relay is useful in an electrical system.,9Je Electromagnets PPT / 9J summary sheet - relay explanation visual practice,source-style-redraw,True
y9r-001-9b-what-is-sustainable-development,9B,biology,Assess check,state,1,written-recall,promote to recall pool,What is sustainable development?,9B Summary sheet p2 Farming,exact-source-answer,False
y9r-002-9b-why-is-land-cleared-of-hedges-and-trees-in-modern-farming,9B,biology,Apply check,state,1,written-recall,promote to recall pool,A farmer clears hedges and trees from a field. Give one benefit for farming and one environmental problem this can cause.,9B Summary sheet p2 Farming table,exact-source-answer,True
y9r-003-9b-what-problem-can-be-caused-by-clearing-hedges-and-trees,9B,biology,Assess check,state,2,written-main,source-style wording polished and promoted in v1.56.0,State two problems caused by clearing hedges and trees.,9B Summary sheet p2 Farming table,exact-source-answer,False
y9r-004-9b-why-are-pesticides-used-on-crops,9B,biology,Assess check,explain,3,written-main,promote now,Why are pesticides used on crops?,9B Summary sheet p2 Farming table,exact-source-answer,False
y9r-005-9b-what-problem-can-pesticides-cause,9B,biology,Assess check,state,2,written-main,source-style wording polished and promoted in v1.56.0,State two problems that pesticides can cause in an ecosystem.,9B Summary sheet p2 Farming table,exact-source-answer,True
y9r-006-9b-why-are-fertilisers-used,9B,biology,Assess check,explain,3,written-main,promote now,Why are fertilisers used?,9B Summary sheet p2 Farming table,exact-source-answer,False
y9r-007-9b-what-problem-can-fertilisers-cause-if-they-wash-into-streams-and-rivers,9B,biology,Apply check,explain,2,written-main,source-style wording polished and promoted in v1.56.0,Explain why fertiliser washing into a stream can harm organisms living there.,9B Summary sheet p2 Farming table,exact-source-answer,True
y9r-008-9b-what-is-the-problem-with-planting-huge-areas-of-a-single-variety,9B,biology,Assess check,state,1,written-recall,promote to recall pool,What is the problem with planting huge areas of a single variety?,9B Summary sheet p2 Farming table,exact-source-answer,False
y9r-009-9b-what-is-cross-breeding,9B,biology,Assess check,state,1,written-recall,promote to recall pool,What is cross-breeding?,9B Summary sheet p2 Breeding varieties,exact-source-answer,False
y9r-010-9b-what-happens-to-the-energy-released-from-glucose-in-aerobic-respiration,9B,biology,Assess check,describe,2,written-main,promote now,What happens to the energy released from glucose in aerobic respiration?,9B Summary sheet p2 Aerobic respiration,exact-source-answer,False
y9r-011-9b-why-do-plants-need-magnesium-salts,9B,biology,Assess check,explain,3,written-main,promote now,Why do plants need magnesium salts?,9B Summary sheet p1 Getting water,exact-source-answer,False
y9r-012-9b-where-does-most-photosynthesis-happen-in-leaves,9B,biology,Assess check,identify,2,written-main,source-style wording polished and promoted in v1.56.0,Identify where most photosynthesis happens in a leaf.,9B Summary sheet p1 Getting light,exact-source-answer,False
y9r-013-9e-what-do-exothermic-reactions-do-to-the-surroundings,9E,chemistry,Assess check,state,2,written-main,source-style wording polished and promoted in v1.56.0,State what exothermic reactions do to the surroundings.,9E Summary sheet p2 Endothermic and exothermic reactions,exact-source-answer,True
y9r-014-9e-what-do-endothermic-reactions-do-to-the-surroundings,9E,chemistry,Assess check,state,2,written-main,source-style wording polished and promoted in v1.56.0,State what endothermic reactions do to the surroundings.,9E Summary sheet p2 Endothermic and exothermic reactions,exact-source-answer,True
y9r-015-9e-give-an-example-of-an-endothermic-reaction-from-the-revision-sheet,9E,chemistry,Assess check,state,1,written-recall,promote to recall pool,Give an example of an endothermic reaction from the revision sheet.,9E Summary sheet p2 Endothermic and exothermic reactions,exact-source-answer,False
y9r-016-9e-what-do-the-state-symbols-s-l-g-and-aq-mean,9E,chemistry,Assess check,state,1,written-recall,promote to recall pool,"What do the state symbols s, l, g and aq mean?",9E Summary sheet p2 Endothermic and exothermic reactions,exact-source-answer,False
y9r-017-9e-what-is-made-when-calcium-carbonate-thermally-decomposes,9E,chemistry,Assess check,state,1,written-recall,promote to recall pool,What is made when calcium carbonate thermally decomposes?,9E Summary sheet p2 Thermal decomposition equation,exact-source-answer,False
y9r-018-9e-in-peer-review-what-do-scientists-check-in-a-paper,9E,chemistry,Assess check,state,3,written-main,source-style wording polished and promoted in v1.56.0,State three things scientists check during peer review.,9E Summary sheet p2 Peer review,exact-source-answer,False
y9r-019-9e-after-peer-review-what-can-a-paper-be-recommended-for,9E,chemistry,Assess check,state,3,written-main,source-style wording polished and promoted in v1.56.0,State the three possible recommendations after peer review.,9E Summary sheet p2 Peer review,exact-source-answer,False
y9r-020-9e-how-are-metals-recycled-according-to-the-revision-sheet,9E,chemistry,Assess check,describe,2,written-main,promote now,"How are metals recycled, according to the revision sheet?",9E Summary sheet p2 Recycling materials,exact-source-answer,True
y9r-021-9e-how-is-glass-recycled-according-to-the-revision-sheet,9E,chemistry,Assess check,describe,2,written-main,promote now,"How is glass recycled, according to the revision sheet?",9E Summary sheet p2 Recycling materials,exact-source-answer,True
y9r-022-9e-how-is-paper-recycled-according-to-the-revision-sheet,9E,chemistry,Assess check,describe,2,written-main,promote now,"How is paper recycled, according to the revision sheet?",9E Summary sheet p2 Recycling materials,exact-source-answer,True
y9r-023-9e-how-is-concrete-recycled-according-to-the-revision-sheet,9E,chemistry,Assess check,describe,2,written-main,promote now,"How is concrete recycled, according to the revision sheet?",9E Summary sheet p2 Recycling materials,exact-source-answer,False
y9r-024-9e-give-two-reasons-why-recycling-materials-to-use-again-is-useful,9E,chemistry,Assess check,explain,3,written-main,promote now,Give two reasons why recycling materials to use again is useful.,9E Summary sheet p2 Recycling materials,exact-source-answer,True
y9r-025-9e-what-is-biomagnification,9E,chemistry,Apply check,explain,3,written-main,promote now,"A toxin is eaten by small animals, and then many small animals are eaten by a predator. Why can toxin levels become highest in the predator?",9E Summary sheet p2 Problems with materials,exact-source-answer,True
y9r-026-9f-in-reactions-and-physical-changes-what-happens-to-the-number-of-atoms,9F,chemistry,Explain check,explain,3,written-main,promote now,Why is there no overall change in mass in a reaction or physical change?,9F Summary sheet p1 Reactions and equations,exact-source-answer,True
y9r-027-9f-what-do-the-large-numbers-in-an-equation-show,9F,chemistry,Assess check,identify,1,written-main,source-style wording polished and promoted in v1.56.0,Identify what the large numbers in a chemical equation show.,9F Summary sheet p1 Reactions and equations,exact-source-answer,False
y9r-028-9f-what-do-the-letters-in-brackets-in-an-equation-show,9F,chemistry,Assess check,identify,2,written-main,source-style wording polished and promoted in v1.56.0,Identify what the letters in brackets in a chemical equation show.,9F Summary sheet p1 Reactions and equations,exact-source-answer,False
y9r-029-9f-what-does-an-atom-contain,9F,chemistry,Assess check,state,1,written-recall,promote to recall pool,What does an atom contain?,9F Summary sheet p2 Atomic structure,exact-source-answer,False
y9r-030-9f-what-is-the-atomic-number-or-proton-number,9F,chemistry,Assess check,state,1,written-recall,promote to recall pool,What is the atomic number or proton number?,9F Summary sheet p2 Atomic structure,exact-source-answer,False
y9r-031-9f-how-are-elements-arranged-in-the-periodic-table,9F,chemistry,Assess check,describe,2,written-main,promote now,How are elements arranged in the periodic table?,9F Summary sheet p2 Atomic structure,exact-source-answer,False
y9r-032-9f-what-is-the-mass-number-of-an-atom,9F,chemistry,Assess check,state,1,written-recall,promote to recall pool,What is the mass number of an atom?,9F Summary sheet p2 Atomic structure,exact-source-answer,False
y9r-033-9f-what-are-groups-and-periods-in-the-periodic-table,9F,chemistry,Assess check,state,1,written-recall,promote to recall pool,What are groups and periods in the periodic table?,9F Summary sheet p2 Atomic structure,exact-source-answer,False
y9r-034-9f-what-do-metals-that-react-with-water-produce,9F,chemistry,Assess check,state,2,written-main,source-style wording polished and promoted in v1.56.0,State the products formed when reactive metals react with water.,9F Summary sheet p1 The reactivity series,exact-source-answer,True
y9r-035-9f-what-do-metals-that-react-with-dilute-acids-produce,9F,chemistry,Assess check,state,2,written-main,source-style wording polished and promoted in v1.56.0,State the products formed when metals react with dilute acids.,9F Summary sheet p1 The reactivity series,exact-source-answer,True
y9r-036-9f-what-is-an-oxidation-reaction-in-the-reactivity-series-section,9F,chemistry,Assess check,state,1,written-recall,promote to recall pool,What is an oxidation reaction in the reactivity-series section?,9F Summary sheet p1 The reactivity series,exact-source-answer,False
y9r-037-9f-what-is-a-hydrocarbon,9F,chemistry,Assess check,state,1,written-recall,promote to recall pool,What is a hydrocarbon?,9F Summary sheet p3 Hydrocarbons,exact-source-answer,False
y9r-038-9f-what-is-the-word-equation-for-complete-combustion-of-a-hydrocarbon,9F,chemistry,Assess check,state,1,written-recall,promote to recall pool,What is the word equation for complete combustion of a hydrocarbon?,9F Summary sheet p3 Hydrocarbons,exact-source-answer,True
y9r-039-9f-what-is-the-test-for-oxygen,9F,chemistry,Assess check,state,1,written-recall,promote to recall pool,What is the test for oxygen?,9F Summary sheet p3 Hydrocarbons,exact-source-answer,False
y9r-040-9f-why-is-an-input-of-energy-from-a-flame-or-spark-needed-to-start-combustion,9F,chemistry,Assess check,explain,3,written-main,promote now,Why is an input of energy from a flame or spark needed to start combustion?,9F Summary sheet p3 Hydrocarbons,exact-source-answer,True
y9r-041-9f-what-increases-the-rate-of-reaction-according-to-the-revision-sheet,9F,chemistry,Apply check,state,1,written-recall,promote to recall pool,A student wants a reaction to happen faster. Give three changes from the revision sheet that could increase the rate.,9F Summary sheet p3 Rates of reaction,exact-source-answer,True
y9r-042-9f-what-is-a-displacement-reaction,9F,chemistry,Assess check,state,1,written-recall,promote to recall pool,What is a displacement reaction?,9F Summary sheet p3 Displacement reactions,exact-source-answer,False
y9r-043-9f-where-do-most-metals-occur,9F,chemistry,Assess check,state,2,written-main,source-style wording polished and promoted in v1.56.0,State how most metals occur naturally in the Earth’s crust.,9F Summary sheet p3 Extracting metals,exact-source-answer,False
y9r-044-9f-which-metals-can-be-extracted-from-their-ores-by-heating-with-carbon,9F,chemistry,Apply check,identify,1,written-main,promote now,A metal is zinc or below zinc in the reactivity series. Which extraction method can be used?,9F Summary sheet p3 Extracting metals,exact-source-answer,True
y9r-045-9f-which-metals-need-electrolysis-to-extract-them-from-their-ores,9F,chemistry,Explain check,explain,3,written-main,promote now,A metal is above zinc in the reactivity series. Why is electrolysis needed to extract it from its ore?,9F Summary sheet p3 Extracting metals,exact-source-answer,True
y9r-046-9f-what-are-oxidation-reduction-and-redox,9F,chemistry,Assess check,state,1,written-recall,promote to recall pool,"What are oxidation, reduction and redox?",9F Summary sheet p3 Extracting metals,exact-source-answer,False
y9r-047-9i-what-can-forces-make-objects-do,9I,physics,Assess check,state,3,written-main,source-style wording polished and promoted in v1.56.0,State three ways a force can change the motion of an object.,9I Summary sheet p1 Forces and motion,exact-source-answer,False
y9r-048-9i-what-is-true-about-the-forces-on-an-object-moving-at-a-constant-speed,9I,physics,Assess check,state,1,written-recall,promote to recall pool,What is true about the forces on an object moving at a constant speed?,9I Summary sheet p1 Forces and motion,exact-source-answer,False
y9r-049-9i-what-happens-to-air-resistance-as-a-falling-object-gets-faster,9I,physics,Assess check,describe,2,written-main,promote now,What happens to air resistance as a falling object gets faster?,9I Summary sheet p1 Forces and motion,exact-source-answer,False
y9r-050-9i-what-has-happened-when-a-falling-object-reaches-terminal-velocity,9I,physics,Apply check,explain,2,written-main,source-style wording polished and promoted in v1.56.0,Explain what has happened to air resistance and weight when a falling object reaches terminal velocity.,9I Summary sheet p1 Forces and motion,exact-source-answer,False
y9r-051-9i-how-do-you-convert-a-speed-in-m-s-to-km-h,9I,physics,Assess check,explain,3,written-main,promote now,How do you convert a speed in m/s to km/h?,9I Summary sheet p1 Speed,exact-source-answer,False
y9r-052-9i-how-do-you-convert-a-speed-in-km-h-to-m-s,9I,physics,Assess check,explain,3,written-main,promote now,How do you convert a speed in km/h to m/s?,9I Summary sheet p1 Speed,exact-source-answer,False
y9r-053-9i-what-is-mean-speed,9I,physics,Assess check,state,1,written-recall,promote to recall pool,What is mean speed?,9I Summary sheet p1 Speed,exact-source-answer,False
y9r-054-9i-what-is-the-relative-speed-of-a-car-travelling-at-50-km-h-compared-to-one-t,9I,physics,Calculation,calculate,2,written-main,promote now,One car travels at 50 km/h and another travels at 30 km/h in the same direction. What is the relative speed?,9I Summary sheet p1 Speed,exact-source-answer,False
y9r-055-9i-what-does-a-speed-time-graph-show,9I,physics,Assess check,graph,3,written-main,promote now,What does a speed-time graph show?,9I Summary sheet p1 Speed-time graphs,exact-source-answer,True
y9r-056-9i-what-do-horizontal-lines-show-on-a-speed-time-graph,9I,physics,Assess check,graph,3,written-main,promote now,What do horizontal lines show on a speed-time graph?,9I Summary sheet p1 Speed-time graphs,exact-source-answer,True
y9r-057-9i-what-do-sloping-lines-show-on-a-speed-time-graph,9I,physics,Assess check,graph,3,written-main,promote now,What do sloping lines show on a speed-time graph?,9I Summary sheet p1 Speed-time graphs,exact-source-answer,True
y9r-058-9i-on-a-distance-time-graph-what-does-the-gradient-of-a-line-give,9I,physics,Assess check,graph,3,written-main,promote now,"On a distance-time graph, what does the gradient of a line give?",9I Summary sheet p2 Gradients,exact-source-answer,True
y9r-059-9i-what-is-a-pivot-also-known-as,9I,physics,Assess check,state,1,written-recall,promote to recall pool,What is a pivot also known as?,9I Summary sheet p2 Levers and moments,exact-source-answer,False
y9r-060-9i-what-is-a-turning-force-called,9I,physics,Assess check,state,1,written-recall,promote to recall pool,What is a turning force called?,9I Summary sheet p2 Levers and moments,exact-source-answer,False
y9r-061-9i-what-is-the-formula-for-moment,9I,physics,Assess check,state,1,written-recall,promote to recall pool,What is the formula for moment?,9I Summary sheet p2 Levers and moments,exact-source-answer,False
y9r-062-9i-what-is-true-when-an-object-is-balanced,9I,physics,Assess check,state,1,written-recall,promote to recall pool,What is true when an object is balanced?,9I Summary sheet p3 Levers and moments,exact-source-answer,False
y9r-063-9i-what-is-work-done,9I,physics,Assess check,state,1,written-recall,promote to recall pool,What is work done?,9I Summary sheet p3 Simple machines,exact-source-answer,False
y9r-064-9i-what-is-the-formula-for-work-done,9I,physics,Assess check,state,1,written-recall,promote to recall pool,What is the formula for work done?,9I Summary sheet p3 Simple machines,exact-source-answer,False
y9r-065-9j-what-is-a-force-field,9J,physics,Assess check,state,1,written-recall,promote to recall pool,What is a force field?,9J Summary sheet p1 Force fields,exact-source-answer,True
y9r-066-9j-what-is-the-earths-gravitational-field-strength-according-to-the-revision-s,9J,physics,Assess check,state,1,written-recall,promote to recall pool,"What is the Earth’s gravitational field strength, according to the revision sheet?",9J Summary sheet p1 Gravitational fields,exact-source-answer,False
y9r-067-9j-what-formula-is-used-to-calculate-weight,9J,physics,Assess check,calculate,2,written-main,promote now,What formula is used to calculate weight?,9J Summary sheet p1 Gravitational fields,exact-source-answer,False
y9r-068-9j-in-an-electric-field-diagram-what-do-the-arrows-show,9J,physics,Assess check,identify,1,written-main,source-style wording polished and promoted in v1.56.0,Identify what the arrows show in an electric-field diagram.,9J Summary sheet p1 Static electricity,exact-source-answer,True
y9r-069-9j-what-is-current,9J,physics,Assess check,state,1,written-recall,promote to recall pool,What is current?,9J Summary sheet p1 Electric circuits,exact-source-answer,False
y9r-070-9j-how-do-we-measure-current,9J,physics,Assess check,explain,3,written-main,promote now,How do we measure current?,9J Summary sheet p1 Electric circuits,exact-source-answer,False
y9r-071-9j-how-do-we-measure-voltage,9J,physics,Assess check,explain,3,written-main,promote now,How do we measure voltage?,9J Summary sheet p1 Electric circuits,exact-source-answer,False
y9r-072-9j-what-is-resistance,9J,physics,Assess check,state,1,written-recall,promote to recall pool,What is resistance?,9J Summary sheet p2 Resistance,exact-source-answer,False
y9r-073-9j-if-resistance-stays-the-same-what-happens-when-voltage-is-higher,9J,physics,Apply check,explain,2,written-main,source-style wording polished and promoted in v1.56.0,Explain what happens to current when voltage increases but resistance stays the same.,9J Summary sheet p2 Resistance,exact-source-answer,False
y9r-074-9j-if-voltage-stays-the-same-what-happens-when-resistance-is-higher,9J,physics,Apply check,explain,2,written-main,source-style wording polished and promoted in v1.56.0,Explain what happens to current when resistance increases but voltage stays the same.,9J Summary sheet p2 Resistance,exact-source-answer,False
y9r-075-9j-what-three-things-does-the-resistance-of-a-wire-depend-on,9J,physics,Assess check,state,3,written-main,source-style wording polished and promoted in v1.56.0,State three factors that affect the resistance of a wire.,9J Summary sheet p2 Resistance,exact-source-answer,False
y9r-076-9j-how-does-wire-length-affect-resistance,9J,physics,Assess check,explain,3,written-main,promote now,How does wire length affect resistance?,9J Summary sheet p2 Resistance,exact-source-answer,False
y9r-077-9j-how-does-wire-thickness-affect-resistance,9J,physics,Assess check,explain,3,written-main,promote now,How does wire thickness affect resistance?,9J Summary sheet p2 Resistance,exact-source-answer,False
y9r-078-9j-what-is-the-formula-for-calculating-resistance-from-voltage-and-current,9J,physics,Assess check,state,1,written-recall,promote to recall pool,What is the formula for calculating resistance from voltage and current?,9J Summary sheet p2 Calculating resistance,exact-source-answer,False
y9r-079-9j-what-is-an-electromagnet,9J,physics,Assess check,state,1,written-recall,promote to recall pool,What is an electromagnet?,9J Summary sheet p2 Electromagnets,exact-source-answer,True
y9r-080-9j-when-is-an-electromagnet-magnetic,9J,physics,Assess check,state,1,written-main,source-style wording polished and promoted in v1.56.0,State when an electromagnet is magnetic.,9J Summary sheet p2 Electromagnets,exact-source-answer,True
y9r-081-9j-give-three-ways-to-make-an-electromagnet-stronger,9J,physics,Assess check,state,1,written-recall,promote to recall pool,Give three ways to make an electromagnet stronger.,9J Summary sheet p2 Electromagnets,exact-source-answer,True
y9r-082-9j-what-is-the-motor-effect,9J,physics,Assess check,state,1,written-recall,promote to recall pool,What is the motor effect?,9J Summary sheet p3 Motors,exact-source-answer,True
y9r-083-9j-what-does-an-electric-motor-consist-of,9J,physics,Assess check,state,1,written-recall,promote to recall pool,What does an electric motor consist of?,9J Summary sheet p3 Motors,exact-source-answer,True
y9r-084-9j-what-makes-the-coil-in-an-electric-motor-turn,9J,physics,Assess check,explain,2,written-main,source-style wording polished and promoted in v1.56.0,Explain what makes the coil in an electric motor turn.,9J Summary sheet p3 Motors,exact-source-answer,True
y9r-085-9j-how-can-the-speed-of-the-motor-or-the-force-it-provides-be-increased,9J,physics,Assess check,explain,3,written-main,promote now,"How can the speed of the motor, or the force it provides, be increased?",9J Summary sheet p3 Motors,exact-source-answer,True
y9p-001-9a-what-is-an-abiotic-factor,9A,biology,Assess check,state,1,written-recall,promote to recall pool,What is an abiotic factor?,9A Word sheet 9Aa Environmental variation,exact-source-answer,False
y9p-002-9a-what-is-a-biotic-factor,9A,biology,Assess check,state,1,written-recall,promote to recall pool,What is a biotic factor?,9A Word sheet 9Aa Environmental variation,exact-source-answer,False
y9p-003-9a-give-three-examples-of-living-or-biotic-factors-from-the-revision-sheet,9A,biology,Assess check,state,1,written-recall,promote to recall pool,Give three examples of living or biotic factors from the revision sheet.,9A Summary sheet p1 Environmental variation,exact-source-answer,False
y9p-004-9a-what-are-abiotic-factors,9A,biology,Assess check,state,1,written-recall,promote to recall pool,What are abiotic factors?,9A Summary sheet p1 Environmental variation,exact-source-answer,False
y9p-005-9a-what-forms-an-ecosystem,9A,biology,Assess check,state,2,written-main,source-style wording polished and promoted in v1.56.0,State what forms an ecosystem.,9A Summary sheet p1 Environmental variation,exact-source-answer,False
y9p-006-9a-how-can-probabilities-be-shown-in-inheritance-questions,9A,biology,Assess check,explain,3,written-main,promote now,How can probabilities be shown in inheritance questions?,"9A Summary sheet p1 Chromosomes, genes and DNA",exact-source-answer,False
y9p-007-9a-what-does-probability-mean,9A,biology,Assess check,state,1,written-recall,promote to recall pool,What does probability mean?,9A Word sheet 9Ab Probability,exact-source-answer,False
y9p-008-9a-write-25-as-a-decimal-and-as-a-fraction,9A,biology,Assess check,state,1,written-recall,promote to recall pool,Write 25% as a decimal and as a fraction.,"9A Summary sheet p1 Chromosomes, genes and DNA",source-traceable-application,False
y9p-009-9f-what-is-neutralisation,9F,chemistry,Assess check,state,1,written-recall,promote to recall pool,What is neutralisation?,9F Word sheet 9Fc Energy and reactions,exact-source-answer,True
y9p-010-9f-what-is-a-thermite-reaction,9F,chemistry,Assess check,state,1,written-recall,promote to recall pool,What is a thermite reaction?,9F Word sheet 9Fd Displacement,exact-source-answer,False
y9p-012-9f-in-the-thermite-reaction-which-metal-displaces-iron,9F,chemistry,Assess check,identify,1,written-main,promote now,"In the thermite reaction, which metal displaces iron?",9F Quick Quiz 9Fd Q4,exact-source-answer,False
y9p-013-9f-what-is-thermal-decomposition,9F,chemistry,Assess check,state,1,written-recall,promote to recall pool,What is thermal decomposition?,9E Word sheet 9Ec/9Ed Thermal decomposition,exact-source-answer,False
y9p-014-9f-what-energy-supply-do-thermal-decomposition-reactions-need-to-keep-going,9F,chemistry,Assess check,state,1,written-main,source-style wording polished and promoted in v1.56.0,State what energy supply thermal-decomposition reactions need to keep going.,9F Summary sheet p3 Hydrocarbons,exact-source-answer,False
y9p-015-9f-what-is-an-oxidising-agent,9F,chemistry,Assess check,state,1,written-recall,promote to recall pool,What is an oxidising agent?,9F Word sheet 9Fc Energy and reactions,exact-source-answer,False
y9p-016-9f-what-is-a-reducing-agent,9F,chemistry,Assess check,state,1,written-recall,promote to recall pool,What is a reducing agent?,9F Word sheet 9Fe Extracting metals,exact-source-answer,False
y9p-017-9f-when-has-a-substance-been-reduced,9F,chemistry,Assess check,state,1,written-main,source-style wording polished and promoted in v1.56.0,State what it means when a substance has been reduced.,9F Word sheet 9Fe Extracting metals,exact-source-answer,False
y9p-018-9f-what-is-a-redox-reaction,9F,chemistry,Assess check,state,1,written-recall,promote to recall pool,What is a redox reaction?,9F Word sheet 9Fe Extracting metals,exact-source-answer,False
y9p-019-9f-what-is-oxidation,9F,chemistry,Assess check,state,1,written-recall,promote to recall pool,What is oxidation?,9F Word sheet 9Fb Reactivity,exact-source-answer,False
y9p-020-9f-what-is-the-percentage-loss-or-gain-formula-from-the-revision-sheet,9F,chemistry,Assess check,state,1,written-recall,promote to recall pool,What is the percentage loss or gain formula from the revision sheet?,9F Summary sheet p3 Percentage loss or gain,exact-source-answer,False
y9p-021-9j-what-is-a-decimal-place,9J,physics,Assess check,state,1,written-recall,promote to recall pool,What is a decimal place?,9J Word sheet 9Jd WS Rounding numbers,exact-source-answer,False
y9p-022-9j-how-do-you-find-the-number-of-decimal-places-in-a-number,9J,physics,Assess check,explain,3,written-main,promote now,How do you find the number of decimal places in a number?,9J Word sheet 9Jd WS Rounding numbers,exact-source-answer,False
y9p-023-9j-what-is-the-first-significant-figure-in-a-number,9J,physics,Assess check,state,1,written-recall,promote to recall pool,What is the first significant figure in a number?,9J Word sheet 9Jd WS Rounding numbers,exact-source-answer,False
y9p-024-9j-what-is-the-second-significant-figure-in-a-number,9J,physics,Assess check,state,1,written-recall,promote to recall pool,What is the second significant figure in a number?,9J Word sheet 9Jd WS Rounding numbers,exact-source-answer,False
y9p-025-9j-in-the-number-3-407-how-many-decimal-places-are-there,9J,physics,Assess check,calculate,1,written-main,source-style wording polished and promoted in v1.56.0,Calculate how many decimal places are in 3.407.,9J Word sheet 9Jd WS Rounding numbers,source-traceable-application,False
y9p-026-9j-in-the-number-0-0632-what-is-the-first-significant-figure,9J,physics,Assess check,identify,1,written-main,source-style wording polished and promoted in v1.56.0,Identify the first significant figure in 0.0632.,9J Word sheet 9Jd WS Rounding numbers,source-traceable-application,False
y9p-027-9j-round-42-786-to-one-decimal-place,9J,physics,Assess check,calculate,1,written-main,source-style wording polished and promoted in v1.56.0,Round 42.786 to one decimal place.,9J Word sheet 9Jd WS Rounding numbers,source-traceable-application,False
y9p-028-9j-round-42-786-to-two-decimal-places,9J,physics,Assess check,calculate,1,written-main,source-style wording polished and promoted in v1.56.0,Round 42.786 to two decimal places.,9J Word sheet 9Jd WS Rounding numbers,source-traceable-application,False
y9p-029-9j-round-0-0632-to-one-significant-figure,9J,physics,Assess check,calculate,1,written-main,source-style wording polished and promoted in v1.56.0,Round 0.0632 to one significant figure.,9J Word sheet 9Jd WS Rounding numbers,source-traceable-application,False
y9p-030-9j-round-0-0632-to-two-significant-figures,9J,physics,Assess check,calculate,1,written-main,source-style wording polished and promoted in v1.56.0,Round 0.0632 to two significant figures.,9J Word sheet 9Jd WS Rounding numbers,source-traceable-application,False
y9p-031-9j-what-is-the-difference-between-decimal-places-and-significant-figures,9J,physics,Assess check,state,1,written-recall,promote to recall pool,What is the difference between decimal places and significant figures?,9J Word sheet 9Jd WS Rounding numbers,source-traceable-synthesis,False
y9qb-001-9b-farming-benefit-problem-compare,9B,biology,Challenge check,explain,3,written-main,promote now,A farmer uses fertilisers and pesticides to increase crop yield. Explain one benefit and one possible problem for each method.,9B revision pack farming methods / sustainability notes,source-traceable-synthesis,True
y9qb-002-9e-thermal-decomposition-state-symbols,9E,chemistry,Challenge check,state,1,written-recall,promote to recall pool,Calcium carbonate thermally decomposes. Name the two products and give the state symbol meaning for gas.,9E revision pack thermal decomposition / state symbols,source-traceable-synthesis,False
y9qb-003-9f-redox-thermite-application,9F,chemistry,Challenge check,explain,3,written-main,promote now,"In the thermite reaction, aluminium reacts with iron oxide to form aluminium oxide and iron. Which substance is reduced, and why?","9F revision pack thermite / oxidation, reduction and redox",source-traceable-synthesis,False
y9qb-004-9i-moments-balanced-application,9I,physics,Challenge calculation,calculate,2,written-main,promote now,"A 20 N force acts 0.5 m from a pivot. What moment does it produce, and what equal opposite moment is needed for balance?",9I revision pack moments / balanced moments,source-traceable-synthesis,False
y9qb-005-9j-wire-resistance-investigation-variables,9J,physics,Challenge check,identify,1,written-main,promote now,"In a wire-resistance investigation, which variables should be controlled if you are testing how length affects resistance?",9J revision pack wire resistance investigation,source-traceable-synthesis,True
y9qb-006-9j-significant-figures-application,9J,physics,Challenge calculation,state,1,written-recall,promote to recall pool,A calculated value is 0.0632 A. Write it to one significant figure and to two significant figures.,9J Word sheet 9Jd WS Rounding numbers,source-traceable-synthesis,False
y9cgp-004-I-pressure-calculate-the-pressure-when-a-120-n-force-acts-on-an-area-of,9I,physics,Calculation,calculate,2,written-main,promote now,Calculate the pressure when a 120 N force acts on an area of 0.50 m².,CGP KS3 Science syllabus map Year 9 Topic 1 Pressure; Oak pressure/floating lessons,new-cgp-bridge-derived,False
y9cgp-005-I-pressure-a-force-of-60-n-produces-a-pressure-of-300-pa-calculate-the-,9I,physics,Calculation,calculate,2,written-main,promote now,A force of 60 N produces a pressure of 300 Pa. Calculate the area.,CGP KS3 Science syllabus map Year 9 Topic 1 Pressure; Oak pressure/floating lessons,new-cgp-bridge-derived,False
y9cgp-006-I-pressure-describe-how-liquid-pressure-changes-with-depth,9I,physics,Progress check,describe,2,written-main,promote now,Describe how liquid pressure changes with depth.,CGP KS3 Science syllabus map Year 9 Topic 1 Pressure; Oak pressure/floating lessons,new-cgp-bridge-derived,True
y9cgp-007-I-pressure-why-does-a-dam-wall-need-to-be-stronger-near-the-bottom,9I,physics,Apply check,explain,3,written-main,promote now,Why does a dam wall need to be stronger near the bottom?,CGP KS3 Science syllabus map Year 9 Topic 1 Pressure; Oak pressure/floating lessons,new-cgp-bridge-derived,True
y9cgp-009-I-pressure-describe-how-atmospheric-pressure-changes-with-height,9I,physics,Progress check,describe,2,written-main,promote now,Describe how atmospheric pressure changes with height.,CGP KS3 Science syllabus map Year 9 Topic 1 Pressure; Oak pressure/floating lessons,new-cgp-bridge-derived,False
y9cgp-010-I-pressure-why-can-a-large-ship-float-even-though-it-is-made-from-dense,9I,physics,Apply check,explain,3,written-main,promote now,Why can a large ship float even though it is made from dense metal?,CGP KS3 Science syllabus map Year 9 Topic 1 Pressure; Oak pressure/floating lessons,new-cgp-bridge-derived,True
y9cgp-011-I-pressure-what-does-it-mean-if-an-object-floats,9I,physics,Progress check,state,1,written-recall,promote to recall pool,What does it mean if an object floats?,CGP KS3 Science syllabus map Year 9 Topic 1 Pressure; Oak pressure/floating lessons,new-cgp-bridge-derived,True
y9cgp-013-I-pressure-why-do-snowshoes-help-a-person-walk-on-soft-snow,9I,physics,Apply check,explain,3,written-main,promote now,Why do snowshoes help a person walk on soft snow?,CGP KS3 Science syllabus map Year 9 Topic 1 Pressure; Oak pressure/floating lessons,new-cgp-bridge-derived,True
y9cgp-014-I-pressure-a-block-underwater-has-equal-sized-top-and-bottom-faces-expl,9I,physics,Challenge check,explain,3,written-main,promote now,A block underwater has equal-sized top and bottom faces. Explain why water can produce an upward resultant force on it.,CGP KS3 Science syllabus map Year 9 Topic 1 Pressure; Oak pressure/floating lessons,new-cgp-bridge-derived,True
y9cgp-015-I-pressure-correct-the-misconception-liquid-pressure-at-the-bottom-depe,9I,physics,Progress check,explain,2,written-main,source-style wording polished and promoted in v1.56.0,Explain why liquid pressure at the bottom does not depend mainly on container width.,CGP KS3 Science syllabus map Year 9 Topic 1 Pressure; Oak pressure/floating lessons,new-cgp-bridge-derived,True
y9cgp-048-E-heating-cooling-what-happens-to-particles-in-a-solid-when-it-is-heated,9E,chemistry,Progress check,describe,2,written-main,promote now,What happens to particles in a solid when it is heated?,CGP KS3 Science syllabus map Year 9 Topic 5 Heating and cooling; Oak heating/cooling lessons,new-cgp-bridge-derived,True
y9cgp-049-E-heating-cooling-what-happens-to-particles-in-a-hot-object-as-it-cools,9E,chemistry,Progress check,describe,2,written-main,promote now,What happens to particles in a hot object as it cools?,CGP KS3 Science syllabus map Year 9 Topic 5 Heating and cooling; Oak heating/cooling lessons,new-cgp-bridge-derived,True
y9cgp-052-E-heating-cooling-describe-conduction-using-particles,9E,chemistry,Progress check,describe,2,written-main,promote now,Describe conduction using particles.,CGP KS3 Science syllabus map Year 9 Topic 5 Heating and cooling; Oak heating/cooling lessons,new-cgp-bridge-derived,False
y9cgp-053-E-heating-cooling-why-does-a-metal-spoon-in-hot-soup-become-hot-quickly,9E,chemistry,Apply check,explain,3,written-main,promote now,Why does a metal spoon in hot soup become hot quickly?,CGP KS3 Science syllabus map Year 9 Topic 5 Heating and cooling; Oak heating/cooling lessons,new-cgp-bridge-derived,True
y9cgp-054-E-heating-cooling-why-does-a-plastic-handle-help-protect-your-hand-from-a-hot-,9E,chemistry,Apply check,explain,3,written-main,promote now,Why does a plastic handle help protect your hand from a hot pan?,CGP KS3 Science syllabus map Year 9 Topic 5 Heating and cooling; Oak heating/cooling lessons,new-cgp-bridge-derived,True
y9cgp-055-E-heating-cooling-what-does-a-cooling-curve-show,9E,chemistry,Progress check,state,1,written-recall,promote to recall pool,What does a cooling curve show?,CGP KS3 Science syllabus map Year 9 Topic 5 Heating and cooling; Oak heating/cooling lessons,new-cgp-bridge-derived,True
y9cgp-056-E-heating-cooling-why-does-a-very-hot-drink-cool-faster-at-first-than-later,9E,chemistry,Apply check,explain,3,written-main,promote now,Why does a very hot drink cool faster at first than later?,CGP KS3 Science syllabus map Year 9 Topic 5 Heating and cooling; Oak heating/cooling lessons,new-cgp-bridge-derived,True
y9cgp-057-E-heating-cooling-correct-the-misconception-energy-disappears-when-an-object-c,9E,chemistry,Progress check,explain,2,written-main,source-style wording polished and promoted in v1.56.0,Explain what happens to energy when an object cools.,CGP KS3 Science syllabus map Year 9 Topic 5 Heating and cooling; Oak heating/cooling lessons,new-cgp-bridge-derived,True
y9cgp-059-E-heating-cooling-explain-why-insulation-does-not-make-heat-it-helps-keep-some,9E,chemistry,Challenge check,explain,3,written-main,promote now,Explain why insulation does not “make heat”; it helps keep something warm.,CGP KS3 Science syllabus map Year 9 Topic 5 Heating and cooling; Oak heating/cooling lessons,new-cgp-bridge-derived,True
y9cgp-061-F-periodic-table-bridge-what-does-an-atom-contain,9F,chemistry,Progress check,state,1,written-recall,promote to recall pool,What does an atom contain?,9F Summary sheet p2 Atomic structure; CGP KS3 Year 9 Topic 7 Periodic table; Oak periodic table lessons,exact-source-answer,False
y9cgp-062-F-periodic-table-bridge-what-is-the-atomic-number-or-proton-number,9F,chemistry,Progress check,state,1,written-recall,promote to recall pool,What is the atomic number or proton number?,9F Summary sheet p2 Atomic structure; CGP KS3 Year 9 Topic 7 Periodic table; Oak periodic table lessons,exact-source-answer,False
y9cgp-063-F-periodic-table-bridge-what-is-the-mass-number-of-an-atom,9F,chemistry,Progress check,state,1,written-recall,promote to recall pool,What is the mass number of an atom?,9F Summary sheet p2 Atomic structure; CGP KS3 Year 9 Topic 7 Periodic table; Oak periodic table lessons,exact-source-answer,False
y9cgp-064-F-periodic-table-bridge-what-are-groups-and-periods-in-the-periodic-table,9F,chemistry,Progress check,state,1,written-recall,promote to recall pool,What are groups and periods in the periodic table?,9F Summary sheet p2 Atomic structure; CGP KS3 Year 9 Topic 7 Periodic table; Oak periodic table lessons,exact-source-answer,True
y9cgp-067-F-periodic-table-bridge-where-are-metals-usually-found-in-the-periodic-table,9F,chemistry,Progress check,identify,1,written-main,source-style wording polished and promoted in v1.56.0,Identify where metals are usually found in the periodic table.,9F Summary sheet p2 Atomic structure; CGP KS3 Year 9 Topic 7 Periodic table; Oak periodic table lessons,new-cgp-bridge-derived,True
y9cgp-068-F-periodic-table-bridge-give-two-general-properties-of-metals,9F,chemistry,Progress check,state,1,written-recall,promote to recall pool,Give two general properties of metals.,9F Summary sheet p2 Atomic structure; CGP KS3 Year 9 Topic 7 Periodic table; Oak periodic table lessons,new-cgp-bridge-derived,False
y9cgp-069-F-periodic-table-bridge-give-two-general-properties-of-non-metals,9F,chemistry,Progress check,state,1,written-recall,promote to recall pool,Give two general properties of non-metals.,9F Summary sheet p2 Atomic structure; CGP KS3 Year 9 Topic 7 Periodic table; Oak periodic table lessons,new-cgp-bridge-derived,False
y9cgp-071-F-periodic-table-bridge-describe-the-reactivity-trend-down-group-1,9F,chemistry,Progress check,describe,2,written-main,promote now,Describe the reactivity trend down Group 1.,9F Summary sheet p2 Atomic structure; CGP KS3 Year 9 Topic 7 Periodic table; Oak periodic table lessons,new-cgp-bridge-derived,False
y9cgp-073-F-periodic-table-bridge-describe-the-reactivity-trend-down-group-7,9F,chemistry,Progress check,describe,2,written-main,promote now,Describe the reactivity trend down Group 7.,9F Summary sheet p2 Atomic structure; CGP KS3 Year 9 Topic 7 Periodic table; Oak periodic table lessons,new-cgp-bridge-derived,False
y9cgp-076-E-climate-bridge-what-causes-the-natural-greenhouse-effect,9E,chemistry,Progress check,explain,2,written-main,source-style wording polished and promoted in v1.56.0,Explain what causes the natural greenhouse effect.,9E environmental impacts/greenhouse gas revision content; CGP KS3 Year 9 Topic 11 Climate; Oak climate lessons,new-cgp-bridge-derived,True
y9cgp-077-E-climate-bridge-why-can-extra-greenhouse-gases-increase-global-temperature,9E,chemistry,Apply check,explain,3,written-main,promote now,Why can extra greenhouse gases increase global temperature?,9E environmental impacts/greenhouse gas revision content; CGP KS3 Year 9 Topic 11 Climate; Oak climate lessons,new-cgp-bridge-derived,True
y9cgp-079-E-climate-bridge-give-two-examples-of-evidence-used-for-global-warming,9E,chemistry,Progress check,state,1,written-recall,promote to recall pool,Give two examples of evidence used for global warming.,9E environmental impacts/greenhouse gas revision content; CGP KS3 Year 9 Topic 11 Climate; Oak climate lessons,new-cgp-bridge-derived,False
y9cgp-080-E-climate-bridge-how-can-cutting-fossil-fuel-use-help-reduce-global-warming,9E,chemistry,Progress check,explain,3,written-main,promote now,How can cutting fossil fuel use help reduce global warming?,9E environmental impacts/greenhouse gas revision content; CGP KS3 Year 9 Topic 11 Climate; Oak climate lessons,new-cgp-bridge-derived,False
y9cgp-081-E-climate-bridge-explain-one-environmental-problem-caused-by-making-materials,9E,chemistry,Apply check,explain,3,written-main,promote now,Explain one environmental problem caused by making materials.,9E environmental impacts/greenhouse gas revision content; CGP KS3 Year 9 Topic 11 Climate; Oak climate lessons,exact-source-answer,False
y9cgp-083-E-climate-bridge-why-is-climate-change-more-than-just-one-hot-day,9E,chemistry,Progress check,explain,3,written-main,promote now,Why is climate change more than just “one hot day”?,9E environmental impacts/greenhouse gas revision content; CGP KS3 Year 9 Topic 11 Climate; Oak climate lessons,new-cgp-bridge-derived,False
y9cgp-084-E-climate-bridge-why-do-scientists-compare-modern-temperatures-with-long-term,9E,chemistry,Apply check,explain,3,written-main,promote now,Why do scientists compare modern temperatures with long-term averages?,9E environmental impacts/greenhouse gas revision content; CGP KS3 Year 9 Topic 11 Climate; Oak climate lessons,new-cgp-bridge-derived,False
y9cgp-085-E-climate-bridge-explain-why-a-correlation-between-greenhouse-gas-emissions-a,9E,chemistry,Challenge check,explain,3,written-main,promote now,Explain why a correlation between greenhouse gas emissions and temperature is important but not the only evidence needed.,9E environmental impacts/greenhouse gas revision content; CGP KS3 Year 9 Topic 11 Climate; Oak climate lessons,new-cgp-bridge-derived,True
y9cgp-098-F-chemical-energy-bridge-what-do-exothermic-reactions-do-to-the-surroundings,9F,chemistry,Progress check,state,2,written-main,source-style wording polished and promoted in v1.56.0,State what exothermic reactions do to the surroundings.,9E/9F Summary sheet exothermic and endothermic reactions; CGP KS3 Year 9 Topic 10 Chemical energy; Oak chemical energy lesson,exact-source-answer,True
y9cgp-099-F-chemical-energy-bridge-what-do-endothermic-reactions-do-to-the-surroundings,9F,chemistry,Progress check,state,2,written-main,source-style wording polished and promoted in v1.56.0,State what endothermic reactions do to the surroundings.,9E/9F Summary sheet exothermic and endothermic reactions; CGP KS3 Year 9 Topic 10 Chemical energy; Oak chemical energy lesson,exact-source-answer,True
y9cgp-102-F-chemical-energy-bridge-why-should-temperature-be-measured-before-and-after-a-reacti,9F,chemistry,Apply check,explain,3,written-main,promote now,Why should temperature be measured before and after a reaction?,9E/9F Summary sheet exothermic and endothermic reactions; CGP KS3 Year 9 Topic 10 Chemical energy; Oak chemical energy lesson,new-cgp-bridge-derived,True
y9cgp-103-F-chemical-energy-bridge-give-one-example-of-an-endothermic-reaction-from-the-revisio,9F,chemistry,Progress check,state,1,written-recall,promote to recall pool,Give one example of an endothermic reaction from the revision sheet.,9E/9F Summary sheet exothermic and endothermic reactions; CGP KS3 Year 9 Topic 10 Chemical energy; Oak chemical energy lesson,exact-source-answer,False
y9cgp-104-F-chemical-energy-bridge-why-is-combustion-usually-described-as-exothermic,9F,chemistry,Apply check,explain,3,written-main,promote now,Why is combustion usually described as exothermic?,9E/9F Summary sheet exothermic and endothermic reactions; CGP KS3 Year 9 Topic 10 Chemical energy; Oak chemical energy lesson,new-cgp-bridge-derived,True
y9cgp-105-F-chemical-energy-bridge-correct-the-misconception-a-cold-reaction-makes-cold-energy,9F,chemistry,Challenge check,explain,2,written-main,source-style wording polished and promoted in v1.56.0,Explain why “cold energy” is not a correct scientific idea for an endothermic reaction.,9E/9F Summary sheet exothermic and endothermic reactions; CGP KS3 Year 9 Topic 10 Chemical energy; Oak chemical energy lesson,new-cgp-bridge-derived,False
y9img-001-9i-density-water-displacement-calculate-density,9I,physics,Calculation,calculate,2,written-main,promote now,Use the measuring cylinders. Calculate the density of the object. Give your answer in g/cm³.,Visual integration v1.52.0,source-style-redraw,True
y9img-002-9i-density-cuboid-calculate-density,9I,physics,Calculation,calculate,2,written-main,promote now,Use the cuboid diagram. Calculate the density of the object in g/cm³.,Visual integration v1.52.0,source-style-redraw,True
y9img-003-9i-pressure-solid-block-calculate-pressure,9I,physics,Calculation,calculate,2,written-main,promote now,Use the block diagram. Calculate the pressure on the surface in N/cm².,Visual integration v1.52.0,source-style-redraw,True
y9img-005-9i-moment-balanced-missing-distance,9I,physics,Calculation,calculate,2,written-main,promote now,Use the balanced lever diagram. Calculate the missing distance on the right-hand side.,Visual integration v1.52.0,source-style-redraw,True
y9r6-004-9j-current-voltage-resistance-calculate,9J,physics,Calculation,calculate,2,written-main,promote now,Use the current-voltage graph. Calculate the resistance of line B at 6 V.,Reaction images r6 integration v1.53.0,source-style-redraw,True
